chennai_junction_id,festival_id,festival_name,festival_day,hour,historical_festival_index,evening_peak_pattern,junction_baseline,prev_festival_behaviour,predicted_level,group_key
1,pongal,Pongal,1,0,0.25,0.0,0.38999999999999996,0.21750752865586687,MODERATE,pongal_d1_1
1,pongal,Pongal,1,1,0.25,0.0,0.38999999999999996,0.3562475167041759,MODERATE,pongal_d1_1
1,pongal,Pongal,1,2,0.25,0.0,0.38999999999999996,0.6736896411960379,MODERATE,pongal_d1_1
1,pongal,Pongal,1,3,0.25,0.0,0.38999999999999996,0.26085718284059134,MODERATE,pongal_d1_1
1,pongal,Pongal,1,4,0.25,0.0,0.38999999999999996,0.22085805360664926,MODERATE,pongal_d1_1
1,pongal,Pongal,1,5,0.25,0.0,0.38999999999999996,0.5537487016723537,MODERATE,pongal_d1_1
1,pongal,Pongal,1,6,0.25,0.0,0.38999999999999996,0.33918635548065396,MODERATE,pongal_d1_1
1,pongal,Pongal,1,7,0.25,0.0,0.38999999999999996,0.5814590364222516,MODERATE,pongal_d1_1
1,pongal,Pongal,1,8,0.25,0.0,0.38999999999999996,0.612485978713136,MODERATE,pongal_d1_1
1,pongal,Pongal,1,9,0.25,0.0,0.38999999999999996,0.20454913177464273,MODERATE,pongal_d1_1
1,pongal,Pongal,1,10,0.25,0.0,0.38999999999999996,0.6886975764917588,MODERATE,pongal_d1_1
1,pongal,Pongal,1,11,0.25,0.0,0.38999999999999996,0.3088356498682471,MODERATE,pongal_d1_1
1,pongal,Pongal,1,12,0.25,0.0,0.38999999999999996,0.43561618157883875,MODERATE,pongal_d1_1
1,pongal,Pongal,1,13,0.25,0.0,0.38999999999999996,0.2677014637834248,MODERATE,pongal_d1_1
1,pongal,Pongal,1,14,0.25,0.0,0.38999999999999996,0.6226082219568237,MODERATE,pongal_d1_1
1,pongal,Pongal,1,15,0.25,0.0,0.38999999999999996,0.7108122506856724,MODERATE,pongal_d1_1
1,pongal,Pongal,1,16,0.25,0.0,0.38999999999999996,0.8811810347855593,MODERATE,pongal_d1_1
1,pongal,Pongal,1,17,0.25,0.0,0.38999999999999996,0.5864284418912589,MODERATE,pongal_d1_1
1,pongal,Pongal,1,18,0.25,1.0,0.38999999999999996,0.6329638266549722,HIGH,pongal_d1_1
1,pongal,Pongal,1,19,0.25,1.0,0.38999999999999996,0.6041465016797334,HIGH,pongal_d1_1
1,pongal,Pongal,1,20,0.25,1.0,0.38999999999999996,0.23207706855896357,HIGH,pongal_d1_1
1,pongal,Pongal,1,21,0.25,1.0,0.38999999999999996,0.402571574521475,HIGH,pongal_d1_1
1,pongal,Pongal,1,22,0.25,0.0,0.38999999999999996,0.3629536204527211,MODERATE,pongal_d1_1
1,pongal,Pongal,1,23,0.25,0.0,0.38999999999999996,0.3945815221770645,MODERATE,pongal_d1_1
2,pongal,Pongal,1,0,0.25,0.0,0.43,0.455382525279059,MODERATE,pongal_d1_2
2,pongal,Pongal,1,1,0.25,0.0,0.43,0.3466549215400414,MODERATE,pongal_d1_2
2,pongal,Pongal,1,2,0.25,0.0,0.43,0.8556582113987459,MODERATE,pongal_d1_2
2,pongal,Pongal,1,3,0.25,0.0,0.43,0.6263917039668917,MODERATE,pongal_d1_2
2,pongal,Pongal,1,4,0.25,0.0,0.43,0.7103887585652444,MODERATE,pongal_d1_2
2,pongal,Pongal,1,5,0.25,0.0,0.43,0.4656188092303534,MODERATE,pongal_d1_2
2,pongal,Pongal,1,6,0.25,0.0,0.43,0.647999831897865,MODERATE,pongal_d1_2
2,pongal,Pongal,1,7,0.25,0.0,0.43,0.6792299756929122,MODERATE,pongal_d1_2
2,pongal,Pongal,1,8,0.25,0.0,0.43,0.7431999380823713,MODERATE,pongal_d1_2
2,pongal,Pongal,1,9,0.25,0.0,0.43,0.22247017073282643,MODERATE,pongal_d1_2
2,pongal,Pongal,1,10,0.25,0.0,0.43,0.3874186131829919,MODERATE,pongal_d1_2
2,pongal,Pongal,1,11,0.25,0.0,0.43,0.860036800034538,MODERATE,pongal_d1_2
2,pongal,Pongal,1,12,0.25,0.0,0.43,0.42027451655893455,MODERATE,pongal_d1_2
2,pongal,Pongal,1,13,0.25,0.0,0.43,0.47694233074246495,MODERATE,pongal_d1_2
2,pongal,Pongal,1,14,0.25,0.0,0.43,0.5211962968111792,MODERATE,pongal_d1_2
2,pongal,Pongal,1,15,0.25,0.0,0.43,0.3726392553857884,MODERATE,pongal_d1_2
2,pongal,Pongal,1,16,0.25,0.0,0.43,0.3839191259660547,MODERATE,pongal_d1_2
2,pongal,Pongal,1,17,0.25,0.0,0.43,0.8284760185217339,MODERATE,pongal_d1_2
2,pongal,Pongal,1,18,0.25,1.0,0.43,0.3535245314100983,HIGH,pongal_d1_2
2,pongal,Pongal,1,19,0.25,1.0,0.43,0.5566684055735251,HIGH,pongal_d1_2
2,pongal,Pongal,1,20,0.25,1.0,0.43,0.23298146279731421,HIGH,pongal_d1_2
2,pongal,Pongal,1,21,0.25,1.0,0.43,0.639212229192163,HIGH,pongal_d1_2
2,pongal,Pongal,1,22,0.25,0.0,0.43,0.4955119767597788,MODERATE,pongal_d1_2
2,pongal,Pongal,1,23,0.25,0.0,0.43,0.4671335005545757,MODERATE,pongal_d1_2
3,pongal,Pongal,1,0,0.25,0.0,0.47,0.5703800415693959,MODERATE,pongal_d1_3
3,pongal,Pongal,1,1,0.25,0.0,0.47,0.8025457915641485,MODERATE,pongal_d1_3
3,pongal,Pongal,1,2,0.25,0.0,0.47,0.7045052735521362,MODERATE,pongal_d1_3
3,pongal,Pongal,1,3,0.25,0.0,0.47,0.5758792312861566,MODERATE,pongal_d1_3
3,pongal,Pongal,1,4,0.25,0.0,0.47,0.6486732590058657,MODERATE,pongal_d1_3
3,pongal,Pongal,1,5,0.25,0.0,0.47,0.5043356754683734,MODERATE,pongal_d1_3
3,pongal,Pongal,1,6,0.25,0.0,0.47,0.867671149264756,MODERATE,pongal_d1_3
3,pongal,Pongal,1,7,0.25,0.0,0.47,0.38437233552576355,MODERATE,pongal_d1_3
3,pongal,Pongal,1,8,0.25,0.0,0.47,0.325056316371092,MODERATE,pongal_d1_3
3,pongal,Pongal,1,9,0.25,0.0,0.47,0.8093629988857367,MODERATE,pongal_d1_3
3,pongal,Pongal,1,10,0.25,0.0,0.47,0.6472646464062035,MODERATE,pongal_d1_3
3,pongal,Pongal,1,11,0.25,0.0,0.47,0.3069874879847444,MODERATE,pongal_d1_3
3,pongal,Pongal,1,12,0.25,0.0,0.47,0.5775653210837379,MODERATE,pongal_d1_3
3,pongal,Pongal,1,13,0.25,0.0,0.47,0.5712475705366242,MODERATE,pongal_d1_3
3,pongal,Pongal,1,14,0.25,0.0,0.47,0.4269092399032711,MODERATE,pongal_d1_3
3,pongal,Pongal,1,15,0.25,0.0,0.47,0.8503690313852319,MODERATE,pongal_d1_3
3,pongal,Pongal,1,16,0.25,0.0,0.47,0.7821658705528256,MODERATE,pongal_d1_3
3,pongal,Pongal,1,17,0.25,0.0,0.47,0.2405476165459313,MODERATE,pongal_d1_3
3,pongal,Pongal,1,18,0.25,1.0,0.47,0.8628646117085959,HIGH,pongal_d1_3
3,pongal,Pongal,1,19,0.25,1.0,0.47,0.5401933243216297,HIGH,pongal_d1_3
3,pongal,Pongal,1,20,0.25,1.0,0.47,0.732421515680062,HIGH,pongal_d1_3
3,pongal,Pongal,1,21,0.25,1.0,0.47,0.28987402514983396,HIGH,pongal_d1_3
3,pongal,Pongal,1,22,0.25,0.0,0.47,0.5848625154464607,MODERATE,pongal_d1_3
3,pongal,Pongal,1,23,0.25,0.0,0.47,0.8107031287596802,MODERATE,pongal_d1_3
4,pongal,Pongal,1,0,0.25,0.0,0.51,0.3482587438094574,MODERATE,pongal_d1_4
4,pongal,Pongal,1,1,0.25,0.0,0.51,0.7109517483629832,MODERATE,pongal_d1_4
4,pongal,Pongal,1,2,0.25,0.0,0.51,0.41820140391062643,MODERATE,pongal_d1_4
4,pongal,Pongal,1,3,0.25,0.0,0.51,0.6549146403476174,HIGH,pongal_d1_4
4,pongal,Pongal,1,4,0.25,0.0,0.51,0.5623030887249134,MODERATE,pongal_d1_4
4,pongal,Pongal,1,5,0.25,0.0,0.51,0.3572881359220902,MODERATE,pongal_d1_4
4,pongal,Pongal,1,6,0.25,0.0,0.51,0.6118161029200633,MODERATE,pongal_d1_4
4,pongal,Pongal,1,7,0.25,0.0,0.51,0.3541521691160916,MODERATE,pongal_d1_4
4,pongal,Pongal,1,8,0.25,0.0,0.51,0.6417720700890692,MODERATE,pongal_d1_4
4,pongal,Pongal,1,9,0.25,0.0,0.51,0.8337940091042895,MODERATE,pongal_d1_4
4,pongal,Pongal,1,10,0.25,0.0,0.51,0.24960014492205743,MODERATE,pongal_d1_4
4,pongal,Pongal,1,11,0.25,0.0,0.51,0.6682844448073963,MODERATE,pongal_d1_4
4,pongal,Pongal,1,12,0.25,0.0,0.51,0.2926182941075175,MODERATE,pongal_d1_4
4,pongal,Pongal,1,13,0.25,0.0,0.51,0.5997301653276992,HIGH,pongal_d1_4
4,pongal,Pongal,1,14,0.25,0.0,0.51,0.7492335970035273,MODERATE,pongal_d1_4
4,pongal,Pongal,1,15,0.25,0.0,0.51,0.3332869400533144,MODERATE,pongal_d1_4
4,pongal,Pongal,1,16,0.25,0.0,0.51,0.5017358276844642,MODERATE,pongal_d1_4
4,pongal,Pongal,1,17,0.25,0.0,0.51,0.5269172676256725,MODERATE,pongal_d1_4
4,pongal,Pongal,1,18,0.25,1.0,0.51,0.6713551831053111,HIGH,pongal_d1_4
4,pongal,Pongal,1,19,0.25,1.0,0.51,0.26889250980637125,HIGH,pongal_d1_4
4,pongal,Pongal,1,20,0.25,1.0,0.51,0.43751182377647424,HIGH,pongal_d1_4
4,pongal,Pongal,1,21,0.25,1.0,0.51,0.3740594337441999,HIGH,pongal_d1_4
4,pongal,Pongal,1,22,0.25,0.0,0.51,0.5140294834831923,MODERATE,pongal_d1_4
4,pongal,Pongal,1,23,0.25,0.0,0.51,0.39498160126685833,MODERATE,pongal_d1_4
5,pongal,Pongal,1,0,0.25,0.0,0.35,0.8462859194932089,MODERATE,pongal_d1_5
5,pongal,Pongal,1,1,0.25,0.0,0.35,0.8029443733332813,MODERATE,pongal_d1_5
5,pongal,Pongal,1,2,0.25,0.0,0.35,0.2354118306674169,MODERATE,pongal_d1_5
5,pongal,Pongal,1,3,0.25,0.0,0.35,0.7852193095559663,MODERATE,pongal_d1_5
5,pongal,Pongal,1,4,0.25,0.0,0.35,0.8484568881056893,MODERATE,pongal_d1_5
5,pongal,Pongal,1,5,0.25,0.0,0.35,0.3164177774227398,MODERATE,pongal_d1_5
5,pongal,Pongal,1,6,0.25,0.0,0.35,0.3496231094394272,MODERATE,pongal_d1_5
5,pongal,Pongal,1,7,0.25,0.0,0.35,0.24104477998052526,MODERATE,pongal_d1_5
5,pongal,Pongal,1,8,0.25,0.0,0.35,0.8897161906458082,MODERATE,pongal_d1_5
5,pongal,Pongal,1,9,0.25,0.0,0.35,0.7488494213639985,MODERATE,pongal_d1_5
5,pongal,Pongal,1,10,0.25,0.0,0.35,0.496105240193114,MODERATE,pongal_d1_5
5,pongal,Pongal,1,11,0.25,0.0,0.35,0.8967958826448996,MODERATE,pongal_d1_5
5,pongal,Pongal,1,12,0.25,0.0,0.35,0.7028857927074281,MODERATE,pongal_d1_5
5,pongal,Pongal,1,13,0.25,0.0,0.35,0.407695477846195,LOW,pongal_d1_5
5,pongal,Pongal,1,14,0.25,0.0,0.35,0.6054262035713793,MODERATE,pongal_d1_5
5,pongal,Pongal,1,15,0.25,0.0,0.35,0.7235828922653449,MODERATE,pongal_d1_5
5,pongal,Pongal,1,16,0.25,0.0,0.35,0.6089243161212798,LOW,pongal_d1_5
5,pongal,Pongal,1,17,0.25,0.0,0.35,0.7969039244337996,MODERATE,pongal_d1_5
5,pongal,Pongal,1,18,0.25,1.0,0.35,0.8725452322921152,HIGH,pongal_d1_5
5,pongal,Pongal,1,19,0.25,1.0,0.35,0.3300774726865062,HIGH,pongal_d1_5
5,pongal,Pongal,1,20,0.25,1.0,0.35,0.6726487875228631,HIGH,pongal_d1_5
5,pongal,Pongal,1,21,0.25,1.0,0.35,0.28392062976298693,HIGH,pongal_d1_5
5,pongal,Pongal,1,22,0.25,0.0,0.35,0.3723507434520374,MODERATE,pongal_d1_5
5,pongal,Pongal,1,23,0.25,0.0,0.35,0.6335670572324721,MODERATE,pongal_d1_5
6,pongal,Pongal,1,0,0.25,0.0,0.38999999999999996,0.6085706025038573,MODERATE,pongal_d1_6
6,pongal,Pongal,1,1,0.25,0.0,0.38999999999999996,0.854294380415499,MODERATE,pongal_d1_6
6,pongal,Pongal,1,2,0.25,0.0,0.38999999999999996,0.7013342605525903,MODERATE,pongal_d1_6
6,pongal,Pongal,1,3,0.25,0.0,0.38999999999999996,0.47705009275387816,MODERATE,pongal_d1_6
6,pongal,Pongal,1,4,0.25,0.0,0.38999999999999996,0.40999795585913357,MODERATE,pongal_d1_6
6,pongal,Pongal,1,5,0.25,0.0,0.38999999999999996,0.7263051446900815,MODERATE,pongal_d1_6
6,pongal,Pongal,1,6,0.25,0.0,0.38999999999999996,0.5207998658330103,MODERATE,pongal_d1_6
6,pongal,Pongal,1,7,0.25,0.0,0.38999999999999996,0.8972675134985661,MODERATE,pongal_d1_6
6,pongal,Pongal,1,8,0.25,0.0,0.38999999999999996,0.3492080185869283,MODERATE,pongal_d1_6
6,pongal,Pongal,1,9,0.25,0.0,0.38999999999999996,0.8532815645955962,MODERATE,pongal_d1_6
6,pongal,Pongal,1,10,0.25,0.0,0.38999999999999996,0.81548916973918,MODERATE,pongal_d1_6
6,pongal,Pongal,1,11,0.25,0.0,0.38999999999999996,0.3104227826500624,MODERATE,pongal_d1_6
6,pongal,Pongal,1,12,0.25,0.0,0.38999999999999996,0.6924779475611597,MODERATE,pongal_d1_6
6,pongal,Pongal,1,13,0.25,0.0,0.38999999999999996,0.8910631445420529,MODERATE,pongal_d1_6
6,pongal,Pongal,1,14,0.25,0.0,0.38999999999999996,0.20547617500651058,MODERATE,pongal_d1_6
6,pongal,Pongal,1,15,0.25,0.0,0.38999999999999996,0.40956512653998456,MODERATE,pongal_d1_6
6,pongal,Pongal,1,16,0.25,0.0,0.38999999999999996,0.8572510027489728,MODERATE,pongal_d1_6
6,pongal,Pongal,1,17,0.25,0.0,0.38999999999999996,0.28080006929337153,MODERATE,pongal_d1_6
6,pongal,Pongal,1,18,0.25,1.0,0.38999999999999996,0.587256548619371,HIGH,pongal_d1_6
6,pongal,Pongal,1,19,0.25,1.0,0.38999999999999996,0.6233808789211568,HIGH,pongal_d1_6
6,pongal,Pongal,1,20,0.25,1.0,0.38999999999999996,0.34251811862921705,HIGH,pongal_d1_6
6,pongal,Pongal,1,21,0.25,1.0,0.38999999999999996,0.3847887311412866,HIGH,pongal_d1_6
6,pongal,Pongal,1,22,0.25,0.0,0.38999999999999996,0.8337355437555263,MODERATE,pongal_d1_6
6,pongal,Pongal,1,23,0.25,0.0,0.38999999999999996,0.2646089273989134,MODERATE,pongal_d1_6
7,pongal,Pongal,1,0,0.25,0.0,0.43,0.39367615678057616,MODERATE,pongal_d1_7
7,pongal,Pongal,1,1,0.25,0.0,0.43,0.7397834561137389,MODERATE,pongal_d1_7
7,pongal,Pongal,1,2,0.25,0.0,0.43,0.38336868370404376,MODERATE,pongal_d1_7
7,pongal,Pongal,1,3,0.25,0.0,0.43,0.5861762947884739,MODERATE,pongal_d1_7
7,pongal,Pongal,1,4,0.25,0.0,0.43,0.20676878972583798,MODERATE,pongal_d1_7
7,pongal,Pongal,1,5,0.25,0.0,0.43,0.8181744753101001,MODERATE,pongal_d1_7
7,pongal,Pongal,1,6,0.25,0.0,0.43,0.5819132024438656,MODERATE,pongal_d1_7
7,pongal,Pongal,1,7,0.25,0.0,0.43,0.6077566965428558,MODERATE,pongal_d1_7
7,pongal,Pongal,1,8,0.25,0.0,0.43,0.28921186349749717,MODERATE,pongal_d1_7
7,pongal,Pongal,1,9,0.25,0.0,0.43,0.8292870421198129,MODERATE,pongal_d1_7
7,pongal,Pongal,1,10,0.25,0.0,0.43,0.802491807400632,MODERATE,pongal_d1_7
7,pongal,Pongal,1,11,0.25,0.0,0.43,0.34705357683782784,MODERATE,pongal_d1_7
7,pongal,Pongal,1,12,0.25,0.0,0.43,0.27195553517024995,MODERATE,pongal_d1_7
7,pongal,Pongal,1,13,0.25,0.0,0.43,0.8188942910157062,MODERATE,pongal_d1_7
7,pongal,Pongal,1,14,0.25,0.0,0.43,0.634463057105499,MODERATE,pongal_d1_7
7,pongal,Pongal,1,15,0.25,0.0,0.43,0.850916710985572,MODERATE,pongal_d1_7
7,pongal,Pongal,1,16,0.25,0.0,0.43,0.8833442230516739,MODERATE,pongal_d1_7
7,pongal,Pongal,1,17,0.25,0.0,0.43,0.816991343264327,MODERATE,pongal_d1_7
7,pongal,Pongal,1,18,0.25,1.0,0.43,0.7155951302285575,HIGH,pongal_d1_7
7,pongal,Pongal,1,19,0.25,1.0,0.43,0.8515711202338279,HIGH,pongal_d1_7
7,pongal,Pongal,1,20,0.25,1.0,0.43,0.8048448198626956,HIGH,pongal_d1_7
7,pongal,Pongal,1,21,0.25,1.0,0.43,0.38676399671613043,HIGH,pongal_d1_7
7,pongal,Pongal,1,22,0.25,0.0,0.43,0.27566693848206997,MODERATE,pongal_d1_7
7,pongal,Pongal,1,23,0.25,0.0,0.43,0.8010152759364471,MODERATE,pongal_d1_7
8,pongal,Pongal,1,0,0.25,0.0,0.47,0.7716106239178502,MODERATE,pongal_d1_8
8,pongal,Pongal,1,1,0.25,0.0,0.47,0.4136336071370204,MODERATE,pongal_d1_8
8,pongal,Pongal,1,2,0.25,0.0,0.47,0.3593168411854393,MODERATE,pongal_d1_8
8,pongal,Pongal,1,3,0.25,0.0,0.47,0.33519085182939606,MODERATE,pongal_d1_8
8,pongal,Pongal,1,4,0.25,0.0,0.47,0.8050470594212005,MODERATE,pongal_d1_8
8,pongal,Pongal,1,5,0.25,0.0,0.47,0.39538749490531,MODERATE,pongal_d1_8
8,pongal,Pongal,1,6,0.25,0.0,0.47,0.4797748690520426,MODERATE,pongal_d1_8
8,pongal,Pongal,1,7,0.25,0.0,0.47,0.5753510127351054,MODERATE,pongal_d1_8
8,pongal,Pongal,1,8,0.25,0.0,0.47,0.28073922629599934,MODERATE,pongal_d1_8
8,pongal,Pongal,1,9,0.25,0.0,0.47,0.32499747132072454,MODERATE,pongal_d1_8
8,pongal,Pongal,1,10,0.25,0.0,0.47,0.38582645376607805,MODERATE,pongal_d1_8
8,pongal,Pongal,1,11,0.25,0.0,0.47,0.504194630995251,MODERATE,pongal_d1_8
8,pongal,Pongal,1,12,0.25,0.0,0.47,0.41957411993649385,MODERATE,pongal_d1_8
8,pongal,Pongal,1,13,0.25,0.0,0.47,0.5579961417686347,MODERATE,pongal_d1_8
8,pongal,Pongal,1,14,0.25,0.0,0.47,0.6036116304476197,MODERATE,pongal_d1_8
8,pongal,Pongal,1,15,0.25,0.0,0.47,0.6961496986839194,MODERATE,pongal_d1_8
8,pongal,Pongal,1,16,0.25,0.0,0.47,0.8479026158493579,MODERATE,pongal_d1_8
8,pongal,Pongal,1,17,0.25,0.0,0.47,0.7036009994013919,MODERATE,pongal_d1_8
8,pongal,Pongal,1,18,0.25,1.0,0.47,0.6694399531030997,HIGH,pongal_d1_8
8,pongal,Pongal,1,19,0.25,1.0,0.47,0.24898166778841713,HIGH,pongal_d1_8
8,pongal,Pongal,1,20,0.25,1.0,0.47,0.4311400252298175,HIGH,pongal_d1_8
8,pongal,Pongal,1,21,0.25,1.0,0.47,0.7936106956544349,HIGH,pongal_d1_8
8,pongal,Pongal,1,22,0.25,0.0,0.47,0.4102255877478849,MODERATE,pongal_d1_8
8,pongal,Pongal,1,23,0.25,0.0,0.47,0.4858750360334518,MODERATE,pongal_d1_8
1,pongal,Pongal,2,0,0.33,0.0,0.38999999999999996,0.4069586417681629,MODERATE,pongal_d2_1
1,pongal,Pongal,2,1,0.33,0.0,0.38999999999999996,0.4943124336410358,MODERATE,pongal_d2_1
1,pongal,Pongal,2,2,0.33,0.0,0.38999999999999996,0.674122561690913,MODERATE,pongal_d2_1
1,pongal,Pongal,2,3,0.33,0.0,0.38999999999999996,0.6308604411659664,MODERATE,pongal_d2_1
1,pongal,Pongal,2,4,0.33,0.0,0.38999999999999996,0.5835560491949887,MODERATE,pongal_d2_1
1,pongal,Pongal,2,5,0.33,0.0,0.38999999999999996,0.40083960180824907,MODERATE,pongal_d2_1
1,pongal,Pongal,2,6,0.33,0.0,0.38999999999999996,0.6059893468369774,MODERATE,pongal_d2_1
1,pongal,Pongal,2,7,0.33,0.0,0.38999999999999996,0.5254917331729099,MODERATE,pongal_d2_1
1,pongal,Pongal,2,8,0.33,0.0,0.38999999999999996,0.3495909806923702,MODERATE,pongal_d2_1
1,pongal,Pongal,2,9,0.33,0.0,0.38999999999999996,0.8308265780797779,MODERATE,pongal_d2_1
1,pongal,Pongal,2,10,0.33,0.0,0.38999999999999996,0.31878397733863834,MODERATE,pongal_d2_1
1,pongal,Pongal,2,11,0.33,0.0,0.38999999999999996,0.5608164069406515,MODERATE,pongal_d2_1
1,pongal,Pongal,2,12,0.33,0.0,0.38999999999999996,0.43463177878686066,MODERATE,pongal_d2_1
1,pongal,Pongal,2,13,0.33,0.0,0.38999999999999996,0.7257966962785125,MODERATE,pongal_d2_1
1,pongal,Pongal,2,14,0.33,0.0,0.38999999999999996,0.3572484661981018,MODERATE,pongal_d2_1
1,pongal,Pongal,2,15,0.33,0.0,0.38999999999999996,0.21709777140877845,MODERATE,pongal_d2_1
1,pongal,Pongal,2,16,0.33,0.0,0.38999999999999996,0.5325954409531636,MODERATE,pongal_d2_1
1,pongal,Pongal,2,17,0.33,0.0,0.38999999999999996,0.2509797604291984,MODERATE,pongal_d2_1
1,pongal,Pongal,2,18,0.33,1.0,0.38999999999999996,0.6408357665163995,HIGH,pongal_d2_1
1,pongal,Pongal,2,19,0.33,1.0,0.38999999999999996,0.6874479753433534,HIGH,pongal_d2_1
1,pongal,Pongal,2,20,0.33,1.0,0.38999999999999996,0.3707891077049072,HIGH,pongal_d2_1
1,pongal,Pongal,2,21,0.33,1.0,0.38999999999999996,0.20388137269662224,HIGH,pongal_d2_1
1,pongal,Pongal,2,22,0.33,0.0,0.38999999999999996,0.7390323320018175,MODERATE,pongal_d2_1
1,pongal,Pongal,2,23,0.33,0.0,0.38999999999999996,0.49760233575991386,MODERATE,pongal_d2_1
2,pongal,Pongal,2,0,0.33,0.0,0.43,0.8705762295956778,MODERATE,pongal_d2_2
2,pongal,Pongal,2,1,0.33,0.0,0.43,0.23515286959844867,MODERATE,pongal_d2_2
2,pongal,Pongal,2,2,0.33,0.0,0.43,0.7938354431461618,MODERATE,pongal_d2_2
2,pongal,Pongal,2,3,0.33,0.0,0.43,0.7609916212055852,MODERATE,pongal_d2_2
2,pongal,Pongal,2,4,0.33,0.0,0.43,0.8915247171465135,MODERATE,pongal_d2_2
2,pongal,Pongal,2,5,0.33,0.0,0.43,0.865027725910209,MODERATE,pongal_d2_2
2,pongal,Pongal,2,6,0.33,0.0,0.43,0.628856625933234,HIGH,pongal_d2_2
2,pongal,Pongal,2,7,0.33,0.0,0.43,0.5533447153770814,MODERATE,pongal_d2_2
2,pongal,Pongal,2,8,0.33,0.0,0.43,0.5835103654275798,MODERATE,pongal_d2_2
2,pongal,Pongal,2,9,0.33,0.0,0.43,0.7205588095117095,HIGH,pongal_d2_2
2,pongal,Pongal,2,10,0.33,0.0,0.43,0.38143408392551353,MODERATE,pongal_d2_2
2,pongal,Pongal,2,11,0.33,0.0,0.43,0.6463630057433094,MODERATE,pongal_d2_2
2,pongal,Pongal,2,12,0.33,0.0,0.43,0.5649098689795875,MODERATE,pongal_d2_2
2,pongal,Pongal,2,13,0.33,0.0,0.43,0.3922182128422768,MODERATE,pongal_d2_2
2,pongal,Pongal,2,14,0.33,0.0,0.43,0.4000097056042068,MODERATE,pongal_d2_2
2,pongal,Pongal,2,15,0.33,0.0,0.43,0.42379669789313357,MODERATE,pongal_d2_2
2,pongal,Pongal,2,16,0.33,0.0,0.43,0.296861843061309,MODERATE,pongal_d2_2
2,pongal,Pongal,2,17,0.33,0.0,0.43,0.6857648686093365,MODERATE,pongal_d2_2
2,pongal,Pongal,2,18,0.33,1.0,0.43,0.24496019549971465,HIGH,pongal_d2_2
2,pongal,Pongal,2,19,0.33,1.0,0.43,0.5798277983527407,HIGH,pongal_d2_2
2,pongal,Pongal,2,20,0.33,1.0,0.43,0.34478407266008715,HIGH,pongal_d2_2
2,pongal,Pongal,2,21,0.33,1.0,0.43,0.8333869348381238,HIGH,pongal_d2_2
2,pongal,Pongal,2,22,0.33,0.0,0.43,0.6868660905485776,MODERATE,pongal_d2_2
2,pongal,Pongal,2,23,0.33,0.0,0.43,0.7359162032826485,MODERATE,pongal_d2_2
3,pongal,Pongal,2,0,0.33,0.0,0.47,0.20412725850879515,MODERATE,pongal_d2_3
3,pongal,Pongal,2,1,0.33,0.0,0.47,0.7274325875415701,MODERATE,pongal_d2_3
3,pongal,Pongal,2,2,0.33,0.0,0.47,0.8674012369290744,HIGH,pongal_d2_3
3,pongal,Pongal,2,3,0.33,0.0,0.47,0.7232609682846356,MODERATE,pongal_d2_3
3,pongal,Pongal,2,4,0.33,0.0,0.47,0.6222768122588689,MODERATE,pongal_d2_3
3,pongal,Pongal,2,5,0.33,0.0,0.47,0.3535951442350053,MODERATE,pongal_d2_3
3,pongal,Pongal,2,6,0.33,0.0,0.47,0.22031737396270068,MODERATE,pongal_d2_3
3,pongal,Pongal,2,7,0.33,0.0,0.47,0.6753993195198448,MODERATE,pongal_d2_3
3,pongal,Pongal,2,8,0.33,0.0,0.47,0.3155313118424562,MODERATE,pongal_d2_3
3,pongal,Pongal,2,9,0.33,0.0,0.47,0.2893394580968125,MODERATE,pongal_d2_3
3,pongal,Pongal,2,10,0.33,0.0,0.47,0.2188765163335964,MODERATE,pongal_d2_3
3,pongal,Pongal,2,11,0.33,0.0,0.47,0.5950743881173419,MODERATE,pongal_d2_3
3,pongal,Pongal,2,12,0.33,0.0,0.47,0.649924753606535,MODERATE,pongal_d2_3
3,pongal,Pongal,2,13,0.33,0.0,0.47,0.5231889108360581,MODERATE,pongal_d2_3
3,pongal,Pongal,2,14,0.33,0.0,0.47,0.4653727049316977,MODERATE,pongal_d2_3
3,pongal,Pongal,2,15,0.33,0.0,0.47,0.428792063416916,MODERATE,pongal_d2_3
3,pongal,Pongal,2,16,0.33,0.0,0.47,0.4653883508948954,HIGH,pongal_d2_3
3,pongal,Pongal,2,17,0.33,0.0,0.47,0.7823469996086907,HIGH,pongal_d2_3
3,pongal,Pongal,2,18,0.33,1.0,0.47,0.2573343629331498,HIGH,pongal_d2_3
3,pongal,Pongal,2,19,0.33,1.0,0.47,0.5775933335457736,HIGH,pongal_d2_3
3,pongal,Pongal,2,20,0.33,1.0,0.47,0.44497224060412877,HIGH,pongal_d2_3
3,pongal,Pongal,2,21,0.33,1.0,0.47,0.7468631347276264,HIGH,pongal_d2_3
3,pongal,Pongal,2,22,0.33,0.0,0.47,0.7279632428416682,HIGH,pongal_d2_3
3,pongal,Pongal,2,23,0.33,0.0,0.47,0.33955247765377305,HIGH,pongal_d2_3
4,pongal,Pongal,2,0,0.33,0.0,0.51,0.30666764204935326,MODERATE,pongal_d2_4
4,pongal,Pongal,2,1,0.33,0.0,0.51,0.6686211912339375,MODERATE,pongal_d2_4
4,pongal,Pongal,2,2,0.33,0.0,0.51,0.35257517863455257,HIGH,pongal_d2_4
4,pongal,Pongal,2,3,0.33,0.0,0.51,0.7368286688493686,HIGH,pongal_d2_4
4,pongal,Pongal,2,4,0.33,0.0,0.51,0.6250732457236522,MODERATE,pongal_d2_4
4,pongal,Pongal,2,5,0.33,0.0,0.51,0.28017300996522837,HIGH,pongal_d2_4
4,pongal,Pongal,2,6,0.33,0.0,0.51,0.8753045411238614,HIGH,pongal_d2_4
4,pongal,Pongal,2,7,0.33,0.0,0.51,0.2179748978482262,MODERATE,pongal_d2_4
4,pongal,Pongal,2,8,0.33,0.0,0.51,0.674143100795286,MODERATE,pongal_d2_4
4,pongal,Pongal,2,9,0.33,0.0,0.51,0.47765810906163914,HIGH,pongal_d2_4
4,pongal,Pongal,2,10,0.33,0.0,0.51,0.253197534490142,HIGH,pongal_d2_4
4,pongal,Pongal,2,11,0.33,0.0,0.51,0.6390696769207311,HIGH,pongal_d2_4
4,pongal,Pongal,2,12,0.33,0.0,0.51,0.7407366194658569,MODERATE,pongal_d2_4
4,pongal,Pongal,2,13,0.33,0.0,0.51,0.6202881303717909,HIGH,pongal_d2_4
4,pongal,Pongal,2,14,0.33,0.0,0.51,0.8886910460602699,MODERATE,pongal_d2_4
4,pongal,Pongal,2,15,0.33,0.0,0.51,0.4430426357159143,HIGH,pongal_d2_4
4,pongal,Pongal,2,16,0.33,0.0,0.51,0.45939961335263935,HIGH,pongal_d2_4
4,pongal,Pongal,2,17,0.33,0.0,0.51,0.4388618224028982,HIGH,pongal_d2_4
4,pongal,Pongal,2,18,0.33,1.0,0.51,0.7756316426630407,HIGH,pongal_d2_4
4,pongal,Pongal,2,19,0.33,1.0,0.51,0.872551297050205,HIGH,pongal_d2_4
4,pongal,Pongal,2,20,0.33,1.0,0.51,0.7800951177017208,HIGH,pongal_d2_4
4,pongal,Pongal,2,21,0.33,1.0,0.51,0.5048410015053739,HIGH,pongal_d2_4
4,pongal,Pongal,2,22,0.33,0.0,0.51,0.8758316118666543,HIGH,pongal_d2_4
4,pongal,Pongal,2,23,0.33,0.0,0.51,0.765739453164729,MODERATE,pongal_d2_4
5,pongal,Pongal,2,0,0.33,0.0,0.35,0.5384482527182373,MODERATE,pongal_d2_5
5,pongal,Pongal,2,1,0.33,0.0,0.35,0.7117183500135855,MODERATE,pongal_d2_5
5,pongal,Pongal,2,2,0.33,0.0,0.35,0.7961992120135322,MODERATE,pongal_d2_5
5,pongal,Pongal,2,3,0.33,0.0,0.35,0.2606640286389721,MODERATE,pongal_d2_5
5,pongal,Pongal,2,4,0.33,0.0,0.35,0.37070440743366917,MODERATE,pongal_d2_5
5,pongal,Pongal,2,5,0.33,0.0,0.35,0.6272321929613645,MODERATE,pongal_d2_5
5,pongal,Pongal,2,6,0.33,0.0,0.35,0.2200899984390627,MODERATE,pongal_d2_5
5,pongal,Pongal,2,7,0.33,0.0,0.35,0.32728790001038427,MODERATE,pongal_d2_5
5,pongal,Pongal,2,8,0.33,0.0,0.35,0.7584826497796675,MODERATE,pongal_d2_5
5,pongal,Pongal,2,9,0.33,0.0,0.35,0.8162239858307578,MODERATE,pongal_d2_5
5,pongal,Pongal,2,10,0.33,0.0,0.35,0.3933880030293294,MODERATE,pongal_d2_5
5,pongal,Pongal,2,11,0.33,0.0,0.35,0.8636438044439219,MODERATE,pongal_d2_5
5,pongal,Pongal,2,12,0.33,0.0,0.35,0.7040522648729359,MODERATE,pongal_d2_5
5,pongal,Pongal,2,13,0.33,0.0,0.35,0.7307152574377265,MODERATE,pongal_d2_5
5,pongal,Pongal,2,14,0.33,0.0,0.35,0.6521320298186666,MODERATE,pongal_d2_5
5,pongal,Pongal,2,15,0.33,0.0,0.35,0.7550530076926223,MODERATE,pongal_d2_5
5,pongal,Pongal,2,16,0.33,0.0,0.35,0.3551174803307711,MODERATE,pongal_d2_5
5,pongal,Pongal,2,17,0.33,0.0,0.35,0.4143442210910619,MODERATE,pongal_d2_5
5,pongal,Pongal,2,18,0.33,1.0,0.35,0.5312823421316673,HIGH,pongal_d2_5
5,pongal,Pongal,2,19,0.33,1.0,0.35,0.4978526688936503,HIGH,pongal_d2_5
5,pongal,Pongal,2,20,0.33,1.0,0.35,0.4315539080371511,HIGH,pongal_d2_5
5,pongal,Pongal,2,21,0.33,1.0,0.35,0.38964149888333743,HIGH,pongal_d2_5
5,pongal,Pongal,2,22,0.33,0.0,0.35,0.28445911932661405,MODERATE,pongal_d2_5
5,pongal,Pongal,2,23,0.33,0.0,0.35,0.28368831887853696,MODERATE,pongal_d2_5
6,pongal,Pongal,2,0,0.33,0.0,0.38999999999999996,0.733532726638872,MODERATE,pongal_d2_6
6,pongal,Pongal,2,1,0.33,0.0,0.38999999999999996,0.351469247915024,MODERATE,pongal_d2_6
6,pongal,Pongal,2,2,0.33,0.0,0.38999999999999996,0.707209500765136,MODERATE,pongal_d2_6
6,pongal,Pongal,2,3,0.33,0.0,0.38999999999999996,0.5672458083760255,MODERATE,pongal_d2_6
6,pongal,Pongal,2,4,0.33,0.0,0.38999999999999996,0.27036827566355354,MODERATE,pongal_d2_6
6,pongal,Pongal,2,5,0.33,0.0,0.38999999999999996,0.3592382144377883,MODERATE,pongal_d2_6
6,pongal,Pongal,2,6,0.33,0.0,0.38999999999999996,0.2099038570792447,MODERATE,pongal_d2_6
6,pongal,Pongal,2,7,0.33,0.0,0.38999999999999996,0.3920179287482871,MODERATE,pongal_d2_6
6,pongal,Pongal,2,8,0.33,0.0,0.38999999999999996,0.5873512767590259,MODERATE,pongal_d2_6
6,pongal,Pongal,2,9,0.33,0.0,0.38999999999999996,0.2883956450708862,MODERATE,pongal_d2_6
6,pongal,Pongal,2,10,0.33,0.0,0.38999999999999996,0.5436150861666451,MODERATE,pongal_d2_6
6,pongal,Pongal,2,11,0.33,0.0,0.38999999999999996,0.6018449537384325,MODERATE,pongal_d2_6
6,pongal,Pongal,2,12,0.33,0.0,0.38999999999999996,0.5083281586952071,MODERATE,pongal_d2_6
6,pongal,Pongal,2,13,0.33,0.0,0.38999999999999996,0.2359637020285045,MODERATE,pongal_d2_6
6,pongal,Pongal,2,14,0.33,0.0,0.38999999999999996,0.5344104310859814,MODERATE,pongal_d2_6
6,pongal,Pongal,2,15,0.33,0.0,0.38999999999999996,0.48049520957635783,MODERATE,pongal_d2_6
6,pongal,Pongal,2,16,0.33,0.0,0.38999999999999996,0.6406119948663989,MODERATE,pongal_d2_6
6,pongal,Pongal,2,17,0.33,0.0,0.38999999999999996,0.3044383091315586,MODERATE,pongal_d2_6
6,pongal,Pongal,2,18,0.33,1.0,0.38999999999999996,0.41268485828955936,HIGH,pongal_d2_6
6,pongal,Pongal,2,19,0.33,1.0,0.38999999999999996,0.2829160935480231,HIGH,pongal_d2_6
6,pongal,Pongal,2,20,0.33,1.0,0.38999999999999996,0.6244223558700739,HIGH,pongal_d2_6
6,pongal,Pongal,2,21,0.33,1.0,0.38999999999999996,0.35798099594552424,HIGH,pongal_d2_6
6,pongal,Pongal,2,22,0.33,0.0,0.38999999999999996,0.515360125422128,MODERATE,pongal_d2_6
6,pongal,Pongal,2,23,0.33,0.0,0.38999999999999996,0.8021166660783261,MODERATE,pongal_d2_6
7,pongal,Pongal,2,0,0.33,0.0,0.43,0.4137661710235523,HIGH,pongal_d2_7
7,pongal,Pongal,2,1,0.33,0.0,0.43,0.6267416385715912,MODERATE,pongal_d2_7
7,pongal,Pongal,2,2,0.33,0.0,0.43,0.8633131402277645,MODERATE,pongal_d2_7
7,pongal,Pongal,2,3,0.33,0.0,0.43,0.3477176367137751,MODERATE,pongal_d2_7
7,pongal,Pongal,2,4,0.33,0.0,0.43,0.309939965366614,MODERATE,pongal_d2_7
7,pongal,Pongal,2,5,0.33,0.0,0.43,0.25254540823081756,MODERATE,pongal_d2_7
7,pongal,Pongal,2,6,0.33,0.0,0.43,0.5153525932323917,MODERATE,pongal_d2_7
7,pongal,Pongal,2,7,0.33,0.0,0.43,0.4038815023217193,MODERATE,pongal_d2_7
7,pongal,Pongal,2,8,0.33,0.0,0.43,0.6948690809153233,MODERATE,pongal_d2_7
7,pongal,Pongal,2,9,0.33,0.0,0.43,0.5178219284849302,MODERATE,pongal_d2_7
7,pongal,Pongal,2,10,0.33,0.0,0.43,0.8467377311377839,MODERATE,pongal_d2_7
7,pongal,Pongal,2,11,0.33,0.0,0.43,0.6375406050149552,MODERATE,pongal_d2_7
7,pongal,Pongal,2,12,0.33,0.0,0.43,0.8535679209118592,MODERATE,pongal_d2_7
7,pongal,Pongal,2,13,0.33,0.0,0.43,0.581193665097405,MODERATE,pongal_d2_7
7,pongal,Pongal,2,14,0.33,0.0,0.43,0.8358880116488243,MODERATE,pongal_d2_7
7,pongal,Pongal,2,15,0.33,0.0,0.43,0.2499868857990699,MODERATE,pongal_d2_7
7,pongal,Pongal,2,16,0.33,0.0,0.43,0.41532826882996277,MODERATE,pongal_d2_7
7,pongal,Pongal,2,17,0.33,0.0,0.43,0.5984449345233647,MODERATE,pongal_d2_7
7,pongal,Pongal,2,18,0.33,1.0,0.43,0.28704756072229576,HIGH,pongal_d2_7
7,pongal,Pongal,2,19,0.33,1.0,0.43,0.689813579483002,HIGH,pongal_d2_7
7,pongal,Pongal,2,20,0.33,1.0,0.43,0.5503305239825479,HIGH,pongal_d2_7
7,pongal,Pongal,2,21,0.33,1.0,0.43,0.2563092963295107,HIGH,pongal_d2_7
7,pongal,Pongal,2,22,0.33,0.0,0.43,0.5024200649125408,MODERATE,pongal_d2_7
7,pongal,Pongal,2,23,0.33,0.0,0.43,0.3752575316884027,MODERATE,pongal_d2_7
8,pongal,Pongal,2,0,0.33,0.0,0.47,0.8733377715349857,MODERATE,pongal_d2_8
8,pongal,Pongal,2,1,0.33,0.0,0.47,0.6026393764539513,HIGH,pongal_d2_8
8,pongal,Pongal,2,2,0.33,0.0,0.47,0.8997006918142159,HIGH,pongal_d2_8
8,pongal,Pongal,2,3,0.33,0.0,0.47,0.3886577181769377,HIGH,pongal_d2_8
8,pongal,Pongal,2,4,0.33,0.0,0.47,0.7293881812887899,MODERATE,pongal_d2_8
8,pongal,Pongal,2,5,0.33,0.0,0.47,0.6560566426035804,MODERATE,pongal_d2_8
8,pongal,Pongal,2,6,0.33,0.0,0.47,0.32704240305618815,HIGH,pongal_d2_8
8,pongal,Pongal,2,7,0.33,0.0,0.47,0.6443493036178608,MODERATE,pongal_d2_8
8,pongal,Pongal,2,8,0.33,0.0,0.47,0.26386968440567904,MODERATE,pongal_d2_8
8,pongal,Pongal,2,9,0.33,0.0,0.47,0.4333158755655644,MODERATE,pongal_d2_8
8,pongal,Pongal,2,10,0.33,0.0,0.47,0.8004131660802467,HIGH,pongal_d2_8
8,pongal,Pongal,2,11,0.33,0.0,0.47,0.6855715717884028,MODERATE,pongal_d2_8
8,pongal,Pongal,2,12,0.33,0.0,0.47,0.8616354776942474,MODERATE,pongal_d2_8
8,pongal,Pongal,2,13,0.33,0.0,0.47,0.5850676262802481,HIGH,pongal_d2_8
8,pongal,Pongal,2,14,0.33,0.0,0.47,0.42016201001911757,MODERATE,pongal_d2_8
8,pongal,Pongal,2,15,0.33,0.0,0.47,0.8791293087660039,MODERATE,pongal_d2_8
8,pongal,Pongal,2,16,0.33,0.0,0.47,0.5602173766303735,MODERATE,pongal_d2_8
8,pongal,Pongal,2,17,0.33,0.0,0.47,0.6603622705381902,HIGH,pongal_d2_8
8,pongal,Pongal,2,18,0.33,1.0,0.47,0.48927329955952503,HIGH,pongal_d2_8
8,pongal,Pongal,2,19,0.33,1.0,0.47,0.4532455514061727,HIGH,pongal_d2_8
8,pongal,Pongal,2,20,0.33,1.0,0.47,0.6377861195015062,HIGH,pongal_d2_8
8,pongal,Pongal,2,21,0.33,1.0,0.47,0.3424907668451917,HIGH,pongal_d2_8
8,pongal,Pongal,2,22,0.33,0.0,0.47,0.8493709325911134,MODERATE,pongal_d2_8
8,pongal,Pongal,2,23,0.33,0.0,0.47,0.6887750203855205,MODERATE,pongal_d2_8
1,pongal,Pongal,3,0,0.41000000000000003,0.0,0.38999999999999996,0.881202771075186,MODERATE,pongal_d3_1
1,pongal,Pongal,3,1,0.41000000000000003,0.0,0.38999999999999996,0.36750822362935526,MODERATE,pongal_d3_1
1,pongal,Pongal,3,2,0.41000000000000003,0.0,0.38999999999999996,0.5855873049018689,MODERATE,pongal_d3_1
1,pongal,Pongal,3,3,0.41000000000000003,0.0,0.38999999999999996,0.2652464408970658,MODERATE,pongal_d3_1
1,pongal,Pongal,3,4,0.41000000000000003,0.0,0.38999999999999996,0.8390509149389176,HIGH,pongal_d3_1
1,pongal,Pongal,3,5,0.41000000000000003,0.0,0.38999999999999996,0.2822263043626903,MODERATE,pongal_d3_1
1,pongal,Pongal,3,6,0.41000000000000003,0.0,0.38999999999999996,0.5488628532950367,HIGH,pongal_d3_1
1,pongal,Pongal,3,7,0.41000000000000003,0.0,0.38999999999999996,0.5562104105486583,HIGH,pongal_d3_1
1,pongal,Pongal,3,8,0.41000000000000003,0.0,0.38999999999999996,0.7843067619036861,MODERATE,pongal_d3_1
1,pongal,Pongal,3,9,0.41000000000000003,0.0,0.38999999999999996,0.37061163425259686,HIGH,pongal_d3_1
1,pongal,Pongal,3,10,0.41000000000000003,0.0,0.38999999999999996,0.4685102092730049,MODERATE,pongal_d3_1
1,pongal,Pongal,3,11,0.41000000000000003,0.0,0.38999999999999996,0.5557686241150257,HIGH,pongal_d3_1
1,pongal,Pongal,3,12,0.41000000000000003,0.0,0.38999999999999996,0.8048188541000116,HIGH,pongal_d3_1
1,pongal,Pongal,3,13,0.41000000000000003,0.0,0.38999999999999996,0.7530043274021794,MODERATE,pongal_d3_1
1,pongal,Pongal,3,14,0.41000000000000003,0.0,0.38999999999999996,0.8539738755777639,MODERATE,pongal_d3_1
1,pongal,Pongal,3,15,0.41000000000000003,0.0,0.38999999999999996,0.7743846312299048,MODERATE,pongal_d3_1
1,pongal,Pongal,3,16,0.41000000000000003,0.0,0.38999999999999996,0.40898909484023704,MODERATE,pongal_d3_1
1,pongal,Pongal,3,17,0.41000000000000003,0.0,0.38999999999999996,0.899231633260537,MODERATE,pongal_d3_1
1,pongal,Pongal,3,18,0.41000000000000003,1.0,0.38999999999999996,0.30401679286795236,HIGH,pongal_d3_1
1,pongal,Pongal,3,19,0.41000000000000003,1.0,0.38999999999999996,0.44158675918510526,HIGH,pongal_d3_1
1,pongal,Pongal,3,20,0.41000000000000003,1.0,0.38999999999999996,0.5804010440710712,HIGH,pongal_d3_1
1,pongal,Pongal,3,21,0.41000000000000003,1.0,0.38999999999999996,0.42524414516032616,HIGH,pongal_d3_1
1,pongal,Pongal,3,22,0.41000000000000003,0.0,0.38999999999999996,0.6882488993343999,MODERATE,pongal_d3_1
1,pongal,Pongal,3,23,0.41000000000000003,0.0,0.38999999999999996,0.3634937122405252,MODERATE,pongal_d3_1
2,pongal,Pongal,3,0,0.41000000000000003,0.0,0.43,0.23055310936811135,HIGH,pongal_d3_2
2,pongal,Pongal,3,1,0.41000000000000003,0.0,0.43,0.6936595167175017,HIGH,pongal_d3_2
2,pongal,Pongal,3,2,0.41000000000000003,0.0,0.43,0.47025512674368763,HIGH,pongal_d3_2
2,pongal,Pongal,3,3,0.41000000000000003,0.0,0.43,0.7745232861966884,HIGH,pongal_d3_2
2,pongal,Pongal,3,4,0.41000000000000003,0.0,0.43,0.5467300547314964,HIGH,pongal_d3_2
2,pongal,Pongal,3,5,0.41000000000000003,0.0,0.43,0.551603805093076,MODERATE,pongal_d3_2
2,pongal,Pongal,3,6,0.41000000000000003,0.0,0.43,0.8087902193535508,HIGH,pongal_d3_2
2,pongal,Pongal,3,7,0.41000000000000003,0.0,0.43,0.508214346839474,HIGH,pongal_d3_2
2,pongal,Pongal,3,8,0.41000000000000003,0.0,0.43,0.5198496521319695,HIGH,pongal_d3_2
2,pongal,Pongal,3,9,0.41000000000000003,0.0,0.43,0.48698503382245506,HIGH,pongal_d3_2
2,pongal,Pongal,3,10,0.41000000000000003,0.0,0.43,0.3080528531400842,HIGH,pongal_d3_2
2,pongal,Pongal,3,11,0.41000000000000003,0.0,0.43,0.8784425414019521,HIGH,pongal_d3_2
2,pongal,Pongal,3,12,0.41000000000000003,0.0,0.43,0.6848932190108175,MODERATE,pongal_d3_2
2,pongal,Pongal,3,13,0.41000000000000003,0.0,0.43,0.796235704645484,HIGH,pongal_d3_2
2,pongal,Pongal,3,14,0.41000000000000003,0.0,0.43,0.8015395289177867,HIGH,pongal_d3_2
2,pongal,Pongal,3,15,0.41000000000000003,0.0,0.43,0.4216628077533797,HIGH,pongal_d3_2
2,pongal,Pongal,3,16,0.41000000000000003,0.0,0.43,0.7315812665340544,HIGH,pongal_d3_2
2,pongal,Pongal,3,17,0.41000000000000003,0.0,0.43,0.2251293698863806,HIGH,pongal_d3_2
2,pongal,Pongal,3,18,0.41000000000000003,1.0,0.43,0.6418127117982484,HIGH,pongal_d3_2
2,pongal,Pongal,3,19,0.41000000000000003,1.0,0.43,0.8981981460693507,HIGH,pongal_d3_2
2,pongal,Pongal,3,20,0.41000000000000003,1.0,0.43,0.5037800303461879,HIGH,pongal_d3_2
2,pongal,Pongal,3,21,0.41000000000000003,1.0,0.43,0.6436234801465539,HIGH,pongal_d3_2
2,pongal,Pongal,3,22,0.41000000000000003,0.0,0.43,0.5105749861631941,HIGH,pongal_d3_2
2,pongal,Pongal,3,23,0.41000000000000003,0.0,0.43,0.8323968434353402,HIGH,pongal_d3_2
3,pongal,Pongal,3,0,0.41000000000000003,0.0,0.47,0.7573004256135483,MODERATE,pongal_d3_3
3,pongal,Pongal,3,1,0.41000000000000003,0.0,0.47,0.4623887628427204,HIGH,pongal_d3_3
3,pongal,Pongal,3,2,0.41000000000000003,0.0,0.47,0.571816422704132,HIGH,pongal_d3_3
3,pongal,Pongal,3,3,0.41000000000000003,0.0,0.47,0.7547636317166673,HIGH,pongal_d3_3
3,pongal,Pongal,3,4,0.41000000000000003,0.0,0.47,0.2552778454619963,HIGH,pongal_d3_3
3,pongal,Pongal,3,5,0.41000000000000003,0.0,0.47,0.6337972579761908,HIGH,pongal_d3_3
3,pongal,Pongal,3,6,0.41000000000000003,0.0,0.47,0.8389803112164884,HIGH,pongal_d3_3
3,pongal,Pongal,3,7,0.41000000000000003,0.0,0.47,0.5228049393484983,HIGH,pongal_d3_3
3,pongal,Pongal,3,8,0.41000000000000003,0.0,0.47,0.3787286957114078,HIGH,pongal_d3_3
3,pongal,Pongal,3,9,0.41000000000000003,0.0,0.47,0.7632431538826023,MODERATE,pongal_d3_3
3,pongal,Pongal,3,10,0.41000000000000003,0.0,0.47,0.6743276199893555,HIGH,pongal_d3_3
3,pongal,Pongal,3,11,0.41000000000000003,0.0,0.47,0.5092108485226701,HIGH,pongal_d3_3
3,pongal,Pongal,3,12,0.41000000000000003,0.0,0.47,0.611300193588495,HIGH,pongal_d3_3
3,pongal,Pongal,3,13,0.41000000000000003,0.0,0.47,0.49701625692262835,HIGH,pongal_d3_3
3,pongal,Pongal,3,14,0.41000000000000003,0.0,0.47,0.7917127475998191,HIGH,pongal_d3_3
3,pongal,Pongal,3,15,0.41000000000000003,0.0,0.47,0.46928527427714184,HIGH,pongal_d3_3
3,pongal,Pongal,3,16,0.41000000000000003,0.0,0.47,0.3660439913493022,HIGH,pongal_d3_3
3,pongal,Pongal,3,17,0.41000000000000003,0.0,0.47,0.6023683511250515,HIGH,pongal_d3_3
3,pongal,Pongal,3,18,0.41000000000000003,1.0,0.47,0.40666152771828856,HIGH,pongal_d3_3
3,pongal,Pongal,3,19,0.41000000000000003,1.0,0.47,0.6607608711500765,HIGH,pongal_d3_3
3,pongal,Pongal,3,20,0.41000000000000003,1.0,0.47,0.5961503118689893,HIGH,pongal_d3_3
3,pongal,Pongal,3,21,0.41000000000000003,1.0,0.47,0.7212681888157275,HIGH,pongal_d3_3
3,pongal,Pongal,3,22,0.41000000000000003,0.0,0.47,0.6244845451535321,MODERATE,pongal_d3_3
3,pongal,Pongal,3,23,0.41000000000000003,0.0,0.47,0.8329087036256078,HIGH,pongal_d3_3
4,pongal,Pongal,3,0,0.41000000000000003,0.0,0.51,0.759202083655319,HIGH,pongal_d3_4
4,pongal,Pongal,3,1,0.41000000000000003,0.0,0.51,0.44662466908472154,HIGH,pongal_d3_4
4,pongal,Pongal,3,2,0.41000000000000003,0.0,0.51,0.6346238141912128,HIGH,pongal_d3_4
4,pongal,Pongal,3,3,0.41000000000000003,0.0,0.51,0.7046498636694962,HIGH,pongal_d3_4
4,pongal,Pongal,3,4,0.41000000000000003,0.0,0.51,0.7868359818737616,HIGH,pongal_d3_4
4,pongal,Pongal,3,5,0.41000000000000003,0.0,0.51,0.8323825928510775,HIGH,pongal_d3_4
4,pongal,Pongal,3,6,0.41000000000000003,0.0,0.51,0.4162530187668453,HIGH,pongal_d3_4
4,pongal,Pongal,3,7,0.41000000000000003,0.0,0.51,0.6057016637578819,HIGH,pongal_d3_4
4,pongal,Pongal,3,8,0.41000000000000003,0.0,0.51,0.26309336302235325,HIGH,pongal_d3_4
4,pongal,Pongal,3,9,0.41000000000000003,0.0,0.51,0.72323660545686,HIGH,pongal_d3_4
4,pongal,Pongal,3,10,0.41000000000000003,0.0,0.51,0.2925118584227485,HIGH,pongal_d3_4
4,pongal,Pongal,3,11,0.41000000000000003,0.0,0.51,0.880042706847938,HIGH,pongal_d3_4
4,pongal,Pongal,3,12,0.41000000000000003,0.0,0.51,0.8394408821371877,HIGH,pongal_d3_4
4,pongal,Pongal,3,13,0.41000000000000003,0.0,0.51,0.3798790591942836,HIGH,pongal_d3_4
4,pongal,Pongal,3,14,0.41000000000000003,0.0,0.51,0.5372934809116188,HIGH,pongal_d3_4
4,pongal,Pongal,3,15,0.41000000000000003,0.0,0.51,0.7225915455019316,HIGH,pongal_d3_4
4,pongal,Pongal,3,16,0.41000000000000003,0.0,0.51,0.2806187952148316,HIGH,pongal_d3_4
4,pongal,Pongal,3,17,0.41000000000000003,0.0,0.51,0.29852991050411787,HIGH,pongal_d3_4
4,pongal,Pongal,3,18,0.41000000000000003,1.0,0.51,0.8020984178291752,HIGH,pongal_d3_4
4,pongal,Pongal,3,19,0.41000000000000003,1.0,0.51,0.8859595699473324,HIGH,pongal_d3_4
4,pongal,Pongal,3,20,0.41000000000000003,1.0,0.51,0.7632113508143934,HIGH,pongal_d3_4
4,pongal,Pongal,3,21,0.41000000000000003,1.0,0.51,0.7534773780122561,HIGH,pongal_d3_4
4,pongal,Pongal,3,22,0.41000000000000003,0.0,0.51,0.5756006157883413,HIGH,pongal_d3_4
4,pongal,Pongal,3,23,0.41000000000000003,0.0,0.51,0.6709798673116275,HIGH,pongal_d3_4
5,pongal,Pongal,3,0,0.41000000000000003,0.0,0.35,0.6091920641565163,MODERATE,pongal_d3_5
5,pongal,Pongal,3,1,0.41000000000000003,0.0,0.35,0.8582043242456878,MODERATE,pongal_d3_5
5,pongal,Pongal,3,2,0.41000000000000003,0.0,0.35,0.3636753315481082,MODERATE,pongal_d3_5
5,pongal,Pongal,3,3,0.41000000000000003,0.0,0.35,0.8189643916503966,MODERATE,pongal_d3_5
5,pongal,Pongal,3,4,0.41000000000000003,0.0,0.35,0.8406791361202115,MODERATE,pongal_d3_5
5,pongal,Pongal,3,5,0.41000000000000003,0.0,0.35,0.2442519288121368,MODERATE,pongal_d3_5
5,pongal,Pongal,3,6,0.41000000000000003,0.0,0.35,0.8365713468995244,MODERATE,pongal_d3_5
5,pongal,Pongal,3,7,0.41000000000000003,0.0,0.35,0.48580709905678887,MODERATE,pongal_d3_5
5,pongal,Pongal,3,8,0.41000000000000003,0.0,0.35,0.8623830730173623,MODERATE,pongal_d3_5
5,pongal,Pongal,3,9,0.41000000000000003,0.0,0.35,0.5448372332847441,MODERATE,pongal_d3_5
5,pongal,Pongal,3,10,0.41000000000000003,0.0,0.35,0.8210815159699516,MODERATE,pongal_d3_5
5,pongal,Pongal,3,11,0.41000000000000003,0.0,0.35,0.5175506298222248,MODERATE,pongal_d3_5
5,pongal,Pongal,3,12,0.41000000000000003,0.0,0.35,0.72019808506622,MODERATE,pongal_d3_5
5,pongal,Pongal,3,13,0.41000000000000003,0.0,0.35,0.493388727390306,HIGH,pongal_d3_5
5,pongal,Pongal,3,14,0.41000000000000003,0.0,0.35,0.3081660316868845,MODERATE,pongal_d3_5
5,pongal,Pongal,3,15,0.41000000000000003,0.0,0.35,0.26931514429736997,MODERATE,pongal_d3_5
5,pongal,Pongal,3,16,0.41000000000000003,0.0,0.35,0.48568111998839036,MODERATE,pongal_d3_5
5,pongal,Pongal,3,17,0.41000000000000003,0.0,0.35,0.22290140079853285,HIGH,pongal_d3_5
5,pongal,Pongal,3,18,0.41000000000000003,1.0,0.35,0.5103681602424912,HIGH,pongal_d3_5
5,pongal,Pongal,3,19,0.41000000000000003,1.0,0.35,0.7988151353141681,HIGH,pongal_d3_5
5,pongal,Pongal,3,20,0.41000000000000003,1.0,0.35,0.6799761858368998,HIGH,pongal_d3_5
5,pongal,Pongal,3,21,0.41000000000000003,1.0,0.35,0.8844897706164327,HIGH,pongal_d3_5
5,pongal,Pongal,3,22,0.41000000000000003,0.0,0.35,0.4786977499210611,MODERATE,pongal_d3_5
5,pongal,Pongal,3,23,0.41000000000000003,0.0,0.35,0.2855118033610846,MODERATE,pongal_d3_5
6,pongal,Pongal,3,0,0.41000000000000003,0.0,0.38999999999999996,0.518302157999362,HIGH,pongal_d3_6
6,pongal,Pongal,3,1,0.41000000000000003,0.0,0.38999999999999996,0.6491931270632523,HIGH,pongal_d3_6
6,pongal,Pongal,3,2,0.41000000000000003,0.0,0.38999999999999996,0.21495021831545946,MODERATE,pongal_d3_6
6,pongal,Pongal,3,3,0.41000000000000003,0.0,0.38999999999999996,0.3704982280148166,HIGH,pongal_d3_6
6,pongal,Pongal,3,4,0.41000000000000003,0.0,0.38999999999999996,0.5952045831355743,MODERATE,pongal_d3_6
6,pongal,Pongal,3,5,0.41000000000000003,0.0,0.38999999999999996,0.7356101631220091,MODERATE,pongal_d3_6
6,pongal,Pongal,3,6,0.41000000000000003,0.0,0.38999999999999996,0.3511659463430723,MODERATE,pongal_d3_6
6,pongal,Pongal,3,7,0.41000000000000003,0.0,0.38999999999999996,0.42999168740256133,HIGH,pongal_d3_6
6,pongal,Pongal,3,8,0.41000000000000003,0.0,0.38999999999999996,0.8303717249422307,MODERATE,pongal_d3_6
6,pongal,Pongal,3,9,0.41000000000000003,0.0,0.38999999999999996,0.8008842884661234,MODERATE,pongal_d3_6
6,pongal,Pongal,3,10,0.41000000000000003,0.0,0.38999999999999996,0.2909944920104058,MODERATE,pongal_d3_6
6,pongal,Pongal,3,11,0.41000000000000003,0.0,0.38999999999999996,0.32214798463097544,MODERATE,pongal_d3_6
6,pongal,Pongal,3,12,0.41000000000000003,0.0,0.38999999999999996,0.21804610485033887,HIGH,pongal_d3_6
6,pongal,Pongal,3,13,0.41000000000000003,0.0,0.38999999999999996,0.7529892649643277,MODERATE,pongal_d3_6
6,pongal,Pongal,3,14,0.41000000000000003,0.0,0.38999999999999996,0.42664002337341567,MODERATE,pongal_d3_6
6,pongal,Pongal,3,15,0.41000000000000003,0.0,0.38999999999999996,0.23667931250282356,MODERATE,pongal_d3_6
6,pongal,Pongal,3,16,0.41000000000000003,0.0,0.38999999999999996,0.568259868618507,HIGH,pongal_d3_6
6,pongal,Pongal,3,17,0.41000000000000003,0.0,0.38999999999999996,0.5333721757962752,HIGH,pongal_d3_6
6,pongal,Pongal,3,18,0.41000000000000003,1.0,0.38999999999999996,0.5592665703264341,HIGH,pongal_d3_6
6,pongal,Pongal,3,19,0.41000000000000003,1.0,0.38999999999999996,0.552687082850075,HIGH,pongal_d3_6
6,pongal,Pongal,3,20,0.41000000000000003,1.0,0.38999999999999996,0.2303555258294202,HIGH,pongal_d3_6
6,pongal,Pongal,3,21,0.41000000000000003,1.0,0.38999999999999996,0.8068866354318867,HIGH,pongal_d3_6
6,pongal,Pongal,3,22,0.41000000000000003,0.0,0.38999999999999996,0.5206297654683774,MODERATE,pongal_d3_6
6,pongal,Pongal,3,23,0.41000000000000003,0.0,0.38999999999999996,0.2425777852461541,HIGH,pongal_d3_6
7,pongal,Pongal,3,0,0.41000000000000003,0.0,0.43,0.48113207815879233,HIGH,pongal_d3_7
7,pongal,Pongal,3,1,0.41000000000000003,0.0,0.43,0.5431881979009576,HIGH,pongal_d3_7
7,pongal,Pongal,3,2,0.41000000000000003,0.0,0.43,0.25144350103651536,HIGH,pongal_d3_7
7,pongal,Pongal,3,3,0.41000000000000003,0.0,0.43,0.6258081965434079,MODERATE,pongal_d3_7
7,pongal,Pongal,3,4,0.41000000000000003,0.0,0.43,0.39251119969056725,MODERATE,pongal_d3_7
7,pongal,Pongal,3,5,0.41000000000000003,0.0,0.43,0.5838495038338524,HIGH,pongal_d3_7
7,pongal,Pongal,3,6,0.41000000000000003,0.0,0.43,0.8962394291026465,MODERATE,pongal_d3_7
7,pongal,Pongal,3,7,0.41000000000000003,0.0,0.43,0.5176007923028301,HIGH,pongal_d3_7
7,pongal,Pongal,3,8,0.41000000000000003,0.0,0.43,0.2694249231753294,HIGH,pongal_d3_7
7,pongal,Pongal,3,9,0.41000000000000003,0.0,0.43,0.7969549161069025,HIGH,pongal_d3_7
7,pongal,Pongal,3,10,0.41000000000000003,0.0,0.43,0.738273911073317,HIGH,pongal_d3_7
7,pongal,Pongal,3,11,0.41000000000000003,0.0,0.43,0.35051614642924783,HIGH,pongal_d3_7
7,pongal,Pongal,3,12,0.41000000000000003,0.0,0.43,0.3599455020552091,HIGH,pongal_d3_7
7,pongal,Pongal,3,13,0.41000000000000003,0.0,0.43,0.5174492320352131,MODERATE,pongal_d3_7
7,pongal,Pongal,3,14,0.41000000000000003,0.0,0.43,0.2665600874929416,HIGH,pongal_d3_7
7,pongal,Pongal,3,15,0.41000000000000003,0.0,0.43,0.6655755041422162,HIGH,pongal_d3_7
7,pongal,Pongal,3,16,0.41000000000000003,0.0,0.43,0.30684724733810664,MODERATE,pongal_d3_7
7,pongal,Pongal,3,17,0.41000000000000003,0.0,0.43,0.24699331569565344,HIGH,pongal_d3_7
7,pongal,Pongal,3,18,0.41000000000000003,1.0,0.43,0.2652610711925742,HIGH,pongal_d3_7
7,pongal,Pongal,3,19,0.41000000000000003,1.0,0.43,0.7171571989421011,HIGH,pongal_d3_7
7,pongal,Pongal,3,20,0.41000000000000003,1.0,0.43,0.5894595149307451,HIGH,pongal_d3_7
7,pongal,Pongal,3,21,0.41000000000000003,1.0,0.43,0.5931104897944507,HIGH,pongal_d3_7
7,pongal,Pongal,3,22,0.41000000000000003,0.0,0.43,0.2855618997481915,MODERATE,pongal_d3_7
7,pongal,Pongal,3,23,0.41000000000000003,0.0,0.43,0.6657383640020408,MODERATE,pongal_d3_7
8,pongal,Pongal,3,0,0.41000000000000003,0.0,0.47,0.8076645042083455,HIGH,pongal_d3_8
8,pongal,Pongal,3,1,0.41000000000000003,0.0,0.47,0.8778790377180321,HIGH,pongal_d3_8
8,pongal,Pongal,3,2,0.41000000000000003,0.0,0.47,0.44615232998520427,HIGH,pongal_d3_8
8,pongal,Pongal,3,3,0.41000000000000003,0.0,0.47,0.3489171639704043,HIGH,pongal_d3_8
8,pongal,Pongal,3,4,0.41000000000000003,0.0,0.47,0.3569714083752959,HIGH,pongal_d3_8
8,pongal,Pongal,3,5,0.41000000000000003,0.0,0.47,0.7917613930209415,MODERATE,pongal_d3_8
8,pongal,Pongal,3,6,0.41000000000000003,0.0,0.47,0.7338239423557948,HIGH,pongal_d3_8
8,pongal,Pongal,3,7,0.41000000000000003,0.0,0.47,0.765054959806641,HIGH,pongal_d3_8
8,pongal,Pongal,3,8,0.41000000000000003,0.0,0.47,0.8821826214879958,HIGH,pongal_d3_8
8,pongal,Pongal,3,9,0.41000000000000003,0.0,0.47,0.6295012963748253,HIGH,pongal_d3_8
8,pongal,Pongal,3,10,0.41000000000000003,0.0,0.47,0.2183776820175084,HIGH,pongal_d3_8
8,pongal,Pongal,3,11,0.41000000000000003,0.0,0.47,0.7806225529717641,HIGH,pongal_d3_8
8,pongal,Pongal,3,12,0.41000000000000003,0.0,0.47,0.3262912503725981,HIGH,pongal_d3_8
8,pongal,Pongal,3,13,0.41000000000000003,0.0,0.47,0.4162892821809371,HIGH,pongal_d3_8
8,pongal,Pongal,3,14,0.41000000000000003,0.0,0.47,0.2042740525825611,HIGH,pongal_d3_8
8,pongal,Pongal,3,15,0.41000000000000003,0.0,0.47,0.5964247663329634,HIGH,pongal_d3_8
8,pongal,Pongal,3,16,0.41000000000000003,0.0,0.47,0.29931225790588806,HIGH,pongal_d3_8
8,pongal,Pongal,3,17,0.41000000000000003,0.0,0.47,0.22145996886663416,HIGH,pongal_d3_8
8,pongal,Pongal,3,18,0.41000000000000003,1.0,0.47,0.35059301602345766,HIGH,pongal_d3_8
8,pongal,Pongal,3,19,0.41000000000000003,1.0,0.47,0.43862718723853295,HIGH,pongal_d3_8
8,pongal,Pongal,3,20,0.41000000000000003,1.0,0.47,0.7051171774198712,HIGH,pongal_d3_8
8,pongal,Pongal,3,21,0.41000000000000003,1.0,0.47,0.5973154896300781,HIGH,pongal_d3_8
8,pongal,Pongal,3,22,0.41000000000000003,0.0,0.47,0.23682617849786525,MODERATE,pongal_d3_8
8,pongal,Pongal,3,23,0.41000000000000003,0.0,0.47,0.6324867273482213,HIGH,pongal_d3_8
1,diwali,Diwali,1,0,0.25,0.0,0.38999999999999996,0.39047199048235326,MODERATE,diwali_d1_1
1,diwali,Diwali,1,1,0.25,0.0,0.38999999999999996,0.5399631934236974,MODERATE,diwali_d1_1
1,diwali,Diwali,1,2,0.25,0.0,0.38999999999999996,0.39121679105533863,MODERATE,diwali_d1_1
1,diwali,Diwali,1,3,0.25,0.0,0.38999999999999996,0.2796722556771412,MODERATE,diwali_d1_1
1,diwali,Diwali,1,4,0.25,0.0,0.38999999999999996,0.39827252905631455,MODERATE,diwali_d1_1
1,diwali,Diwali,1,5,0.25,0.0,0.38999999999999996,0.5406429273549755,MODERATE,diwali_d1_1
1,diwali,Diwali,1,6,0.25,0.0,0.38999999999999996,0.23179215382309928,MODERATE,diwali_d1_1
1,diwali,Diwali,1,7,0.25,0.0,0.38999999999999996,0.6195274698611153,MODERATE,diwali_d1_1
1,diwali,Diwali,1,8,0.25,0.0,0.38999999999999996,0.4109935534129058,MODERATE,diwali_d1_1
1,diwali,Diwali,1,9,0.25,0.0,0.38999999999999996,0.2960643636801289,MODERATE,diwali_d1_1
1,diwali,Diwali,1,10,0.25,0.0,0.38999999999999996,0.42968564915648877,MODERATE,diwali_d1_1
1,diwali,Diwali,1,11,0.25,0.0,0.38999999999999996,0.7229098864008374,MODERATE,diwali_d1_1
1,diwali,Diwali,1,12,0.25,0.0,0.38999999999999996,0.46614521200066533,MODERATE,diwali_d1_1
1,diwali,Diwali,1,13,0.25,0.0,0.38999999999999996,0.5501836425893492,MODERATE,diwali_d1_1
1,diwali,Diwali,1,14,0.25,0.0,0.38999999999999996,0.7643401305967346,MODERATE,diwali_d1_1
1,diwali,Diwali,1,15,0.25,0.0,0.38999999999999996,0.8032350534158119,MODERATE,diwali_d1_1
1,diwali,Diwali,1,16,0.25,0.0,0.38999999999999996,0.213119075609952,MODERATE,diwali_d1_1
1,diwali,Diwali,1,17,0.25,1.0,0.38999999999999996,0.8034770095284465,HIGH,diwali_d1_1
1,diwali,Diwali,1,18,0.25,1.0,0.38999999999999996,0.6013797766200901,HIGH,diwali_d1_1
1,diwali,Diwali,1,19,0.25,1.0,0.38999999999999996,0.49238577189043636,HIGH,diwali_d1_1
1,diwali,Diwali,1,20,0.25,1.0,0.38999999999999996,0.21459959131732417,HIGH,diwali_d1_1
1,diwali,Diwali,1,21,0.25,1.0,0.38999999999999996,0.7609255080173165,HIGH,diwali_d1_1
1,diwali,Diwali,1,22,0.25,1.0,0.38999999999999996,0.782418139150195,HIGH,diwali_d1_1
1,diwali,Diwali,1,23,0.25,0.0,0.38999999999999996,0.2616909169085193,MODERATE,diwali_d1_1
2,diwali,Diwali,1,0,0.25,0.0,0.43,0.3703215323759136,MODERATE,diwali_d1_2
2,diwali,Diwali,1,1,0.25,0.0,0.43,0.5667737801004421,MODERATE,diwali_d1_2
2,diwali,Diwali,1,2,0.25,0.0,0.43,0.41719219328510293,MODERATE,diwali_d1_2
2,diwali,Diwali,1,3,0.25,0.0,0.43,0.43314803574519234,MODERATE,diwali_d1_2
2,diwali,Diwali,1,4,0.25,0.0,0.43,0.5573382991795037,MODERATE,diwali_d1_2
2,diwali,Diwali,1,5,0.25,0.0,0.43,0.5569664436260804,MODERATE,diwali_d1_2
2,diwali,Diwali,1,6,0.25,0.0,0.43,0.44456268583066616,MODERATE,diwali_d1_2
2,diwali,Diwali,1,7,0.25,0.0,0.43,0.7732640210673962,MODERATE,diwali_d1_2
2,diwali,Diwali,1,8,0.25,0.0,0.43,0.36538819426270697,MODERATE,diwali_d1_2
2,diwali,Diwali,1,9,0.25,0.0,0.43,0.33809026197678826,MODERATE,diwali_d1_2
2,diwali,Diwali,1,10,0.25,0.0,0.43,0.7321507068828244,MODERATE,diwali_d1_2
2,diwali,Diwali,1,11,0.25,0.0,0.43,0.3240022902630604,MODERATE,diwali_d1_2
2,diwali,Diwali,1,12,0.25,0.0,0.43,0.5458819175121721,MODERATE,diwali_d1_2
2,diwali,Diwali,1,13,0.25,0.0,0.43,0.7319140047254238,MODERATE,diwali_d1_2
2,diwali,Diwali,1,14,0.25,0.0,0.43,0.8469079808699616,MODERATE,diwali_d1_2
2,diwali,Diwali,1,15,0.25,0.0,0.43,0.6447088233424154,MODERATE,diwali_d1_2
2,diwali,Diwali,1,16,0.25,0.0,0.43,0.8049728123819913,MODERATE,diwali_d1_2
2,diwali,Diwali,1,17,0.25,1.0,0.43,0.30567018097515386,HIGH,diwali_d1_2
2,diwali,Diwali,1,18,0.25,1.0,0.43,0.5095456446853994,HIGH,diwali_d1_2
2,diwali,Diwali,1,19,0.25,1.0,0.43,0.3922715672403114,HIGH,diwali_d1_2
2,diwali,Diwali,1,20,0.25,1.0,0.43,0.5551358197028446,HIGH,diwali_d1_2
2,diwali,Diwali,1,21,0.25,1.0,0.43,0.5163397045904775,HIGH,diwali_d1_2
2,diwali,Diwali,1,22,0.25,1.0,0.43,0.7821876421641849,HIGH,diwali_d1_2
2,diwali,Diwali,1,23,0.25,0.0,0.43,0.8049750237476674,MODERATE,diwali_d1_2
3,diwali,Diwali,1,0,0.25,0.0,0.47,0.6305058718909016,MODERATE,diwali_d1_3
3,diwali,Diwali,1,1,0.25,0.0,0.47,0.5238981612490906,MODERATE,diwali_d1_3
3,diwali,Diwali,1,2,0.25,0.0,0.47,0.7542724580857509,MODERATE,diwali_d1_3
3,diwali,Diwali,1,3,0.25,0.0,0.47,0.5148135925556343,MODERATE,diwali_d1_3
3,diwali,Diwali,1,4,0.25,0.0,0.47,0.6562862182540269,MODERATE,diwali_d1_3
3,diwali,Diwali,1,5,0.25,0.0,0.47,0.5329403195601486,MODERATE,diwali_d1_3
3,diwali,Diwali,1,6,0.25,0.0,0.47,0.24331159007077052,MODERATE,diwali_d1_3
3,diwali,Diwali,1,7,0.25,0.0,0.47,0.8293887837690415,MODERATE,diwali_d1_3
3,diwali,Diwali,1,8,0.25,0.0,0.47,0.7000208844172238,MODERATE,diwali_d1_3
3,diwali,Diwali,1,9,0.25,0.0,0.47,0.32079123800545545,MODERATE,diwali_d1_3
3,diwali,Diwali,1,10,0.25,0.0,0.47,0.506430792016463,MODERATE,diwali_d1_3
3,diwali,Diwali,1,11,0.25,0.0,0.47,0.5659236246858819,MODERATE,diwali_d1_3
3,diwali,Diwali,1,12,0.25,0.0,0.47,0.46099638747092897,MODERATE,diwali_d1_3
3,diwali,Diwali,1,13,0.25,0.0,0.47,0.4861385780731242,MODERATE,diwali_d1_3
3,diwali,Diwali,1,14,0.25,0.0,0.47,0.6185201036680926,MODERATE,diwali_d1_3
3,diwali,Diwali,1,15,0.25,0.0,0.47,0.6531137498785149,MODERATE,diwali_d1_3
3,diwali,Diwali,1,16,0.25,0.0,0.47,0.26615416326056607,MODERATE,diwali_d1_3
3,diwali,Diwali,1,17,0.25,1.0,0.47,0.3989028817146796,HIGH,diwali_d1_3
3,diwali,Diwali,1,18,0.25,1.0,0.47,0.6595948604873345,HIGH,diwali_d1_3
3,diwali,Diwali,1,19,0.25,1.0,0.47,0.8112957634423772,HIGH,diwali_d1_3
3,diwali,Diwali,1,20,0.25,1.0,0.47,0.6079176602104936,HIGH,diwali_d1_3
3,diwali,Diwali,1,21,0.25,1.0,0.47,0.44487455127509096,HIGH,diwali_d1_3
3,diwali,Diwali,1,22,0.25,1.0,0.47,0.6889359739683166,HIGH,diwali_d1_3
3,diwali,Diwali,1,23,0.25,0.0,0.47,0.6165288597061023,MODERATE,diwali_d1_3
4,diwali,Diwali,1,0,0.25,0.0,0.51,0.41670732119117265,HIGH,diwali_d1_4
4,diwali,Diwali,1,1,0.25,0.0,0.51,0.7541633705044803,MODERATE,diwali_d1_4
4,diwali,Diwali,1,2,0.25,0.0,0.51,0.6690814799963057,MODERATE,diwali_d1_4
4,diwali,Diwali,1,3,0.25,0.0,0.51,0.7171422704906378,MODERATE,diwali_d1_4
4,diwali,Diwali,1,4,0.25,0.0,0.51,0.5684753378139218,MODERATE,diwali_d1_4
4,diwali,Diwali,1,5,0.25,0.0,0.51,0.4963844564254726,MODERATE,diwali_d1_4
4,diwali,Diwali,1,6,0.25,0.0,0.51,0.45381836828743105,MODERATE,diwali_d1_4
4,diwali,Diwali,1,7,0.25,0.0,0.51,0.3499348628462302,MODERATE,diwali_d1_4
4,diwali,Diwali,1,8,0.25,0.0,0.51,0.5403896446109091,HIGH,diwali_d1_4
4,diwali,Diwali,1,9,0.25,0.0,0.51,0.2962957472239555,MODERATE,diwali_d1_4
4,diwali,Diwali,1,10,0.25,0.0,0.51,0.7910998720801183,MODERATE,diwali_d1_4
4,diwali,Diwali,1,11,0.25,0.0,0.51,0.7396123042541707,MODERATE,diwali_d1_4
4,diwali,Diwali,1,12,0.25,0.0,0.51,0.8185775158447932,MODERATE,diwali_d1_4
4,diwali,Diwali,1,13,0.25,0.0,0.51,0.4357350603749971,MODERATE,diwali_d1_4
4,diwali,Diwali,1,14,0.25,0.0,0.51,0.2917343290006556,MODERATE,diwali_d1_4
4,diwali,Diwali,1,15,0.25,0.0,0.51,0.31357304846191536,MODERATE,diwali_d1_4
4,diwali,Diwali,1,16,0.25,0.0,0.51,0.739768469611692,MODERATE,diwali_d1_4
4,diwali,Diwali,1,17,0.25,1.0,0.51,0.3158774160208411,HIGH,diwali_d1_4
4,diwali,Diwali,1,18,0.25,1.0,0.51,0.48760102804757344,HIGH,diwali_d1_4
4,diwali,Diwali,1,19,0.25,1.0,0.51,0.3662711410128475,HIGH,diwali_d1_4
4,diwali,Diwali,1,20,0.25,1.0,0.51,0.3994495527943508,HIGH,diwali_d1_4
4,diwali,Diwali,1,21,0.25,1.0,0.51,0.5142495741233383,HIGH,diwali_d1_4
4,diwali,Diwali,1,22,0.25,1.0,0.51,0.4166275275939527,HIGH,diwali_d1_4
4,diwali,Diwali,1,23,0.25,0.0,0.51,0.5283109235225769,MODERATE,diwali_d1_4
5,diwali,Diwali,1,0,0.25,0.0,0.35,0.457488670757523,MODERATE,diwali_d1_5
5,diwali,Diwali,1,1,0.25,0.0,0.35,0.8891078554721041,MODERATE,diwali_d1_5
5,diwali,Diwali,1,2,0.25,0.0,0.35,0.3972402128926428,MODERATE,diwali_d1_5
5,diwali,Diwali,1,3,0.25,0.0,0.35,0.5692218519230379,MODERATE,diwali_d1_5
5,diwali,Diwali,1,4,0.25,0.0,0.35,0.7718238677068681,MODERATE,diwali_d1_5
5,diwali,Diwali,1,5,0.25,0.0,0.35,0.29687897422240184,MODERATE,diwali_d1_5
5,diwali,Diwali,1,6,0.25,0.0,0.35,0.648825325343113,MODERATE,diwali_d1_5
5,diwali,Diwali,1,7,0.25,0.0,0.35,0.5881785217971018,MODERATE,diwali_d1_5
5,diwali,Diwali,1,8,0.25,0.0,0.35,0.7921245937134069,LOW,diwali_d1_5
5,diwali,Diwali,1,9,0.25,0.0,0.35,0.3995441098415299,MODERATE,diwali_d1_5
5,diwali,Diwali,1,10,0.25,0.0,0.35,0.3909539097139496,MODERATE,diwali_d1_5
5,diwali,Diwali,1,11,0.25,0.0,0.35,0.303144059194123,MODERATE,diwali_d1_5
5,diwali,Diwali,1,12,0.25,0.0,0.35,0.8624892841082323,MODERATE,diwali_d1_5
5,diwali,Diwali,1,13,0.25,0.0,0.35,0.5157895931544962,MODERATE,diwali_d1_5
5,diwali,Diwali,1,14,0.25,0.0,0.35,0.21866913356205697,MODERATE,diwali_d1_5
5,diwali,Diwali,1,15,0.25,0.0,0.35,0.5514049802852647,LOW,diwali_d1_5
5,diwali,Diwali,1,16,0.25,0.0,0.35,0.8961677458668038,MODERATE,diwali_d1_5
5,diwali,Diwali,1,17,0.25,1.0,0.35,0.21973128186970506,HIGH,diwali_d1_5
5,diwali,Diwali,1,18,0.25,1.0,0.35,0.787423401328124,HIGH,diwali_d1_5
5,diwali,Diwali,1,19,0.25,1.0,0.35,0.7539664462375233,HIGH,diwali_d1_5
5,diwali,Diwali,1,20,0.25,1.0,0.35,0.4008155781192877,HIGH,diwali_d1_5
5,diwali,Diwali,1,21,0.25,1.0,0.35,0.6872503920031885,HIGH,diwali_d1_5
5,diwali,Diwali,1,22,0.25,1.0,0.35,0.6938753227023562,HIGH,diwali_d1_5
5,diwali,Diwali,1,23,0.25,0.0,0.35,0.20367583881393256,MODERATE,diwali_d1_5
6,diwali,Diwali,1,0,0.25,0.0,0.38999999999999996,0.3791467499059313,MODERATE,diwali_d1_6
6,diwali,Diwali,1,1,0.25,0.0,0.38999999999999996,0.5841629718106848,MODERATE,diwali_d1_6
6,diwali,Diwali,1,2,0.25,0.0,0.38999999999999996,0.569440054120707,MODERATE,diwali_d1_6
6,diwali,Diwali,1,3,0.25,0.0,0.38999999999999996,0.40167110462746136,MODERATE,diwali_d1_6
6,diwali,Diwali,1,4,0.25,0.0,0.38999999999999996,0.23342461263319592,MODERATE,diwali_d1_6
6,diwali,Diwali,1,5,0.25,0.0,0.38999999999999996,0.7557293760476067,MODERATE,diwali_d1_6
6,diwali,Diwali,1,6,0.25,0.0,0.38999999999999996,0.2776005267030105,MODERATE,diwali_d1_6
6,diwali,Diwali,1,7,0.25,0.0,0.38999999999999996,0.6177173299732628,MODERATE,diwali_d1_6
6,diwali,Diwali,1,8,0.25,0.0,0.38999999999999996,0.5607630111465842,MODERATE,diwali_d1_6
6,diwali,Diwali,1,9,0.25,0.0,0.38999999999999996,0.30050378817238205,MODERATE,diwali_d1_6
6,diwali,Diwali,1,10,0.25,0.0,0.38999999999999996,0.6303667079431654,MODERATE,diwali_d1_6
6,diwali,Diwali,1,11,0.25,0.0,0.38999999999999996,0.49159731664597783,MODERATE,diwali_d1_6
6,diwali,Diwali,1,12,0.25,0.0,0.38999999999999996,0.25992976849108324,MODERATE,diwali_d1_6
6,diwali,Diwali,1,13,0.25,0.0,0.38999999999999996,0.24737552603619223,MODERATE,diwali_d1_6
6,diwali,Diwali,1,14,0.25,0.0,0.38999999999999996,0.5551293876058506,MODERATE,diwali_d1_6
6,diwali,Diwali,1,15,0.25,0.0,0.38999999999999996,0.5879063666927369,MODERATE,diwali_d1_6
6,diwali,Diwali,1,16,0.25,0.0,0.38999999999999996,0.5290945547109402,MODERATE,diwali_d1_6
6,diwali,Diwali,1,17,0.25,1.0,0.38999999999999996,0.8867275957860923,HIGH,diwali_d1_6
6,diwali,Diwali,1,18,0.25,1.0,0.38999999999999996,0.21136956177626334,HIGH,diwali_d1_6
6,diwali,Diwali,1,19,0.25,1.0,0.38999999999999996,0.4413617452143739,HIGH,diwali_d1_6
6,diwali,Diwali,1,20,0.25,1.0,0.38999999999999996,0.6397798737329594,HIGH,diwali_d1_6
6,diwali,Diwali,1,21,0.25,1.0,0.38999999999999996,0.714630889368618,HIGH,diwali_d1_6
6,diwali,Diwali,1,22,0.25,1.0,0.38999999999999996,0.23103498180664572,HIGH,diwali_d1_6
6,diwali,Diwali,1,23,0.25,0.0,0.38999999999999996,0.7694562058892618,MODERATE,diwali_d1_6
7,diwali,Diwali,1,0,0.25,0.0,0.43,0.7453998154347969,MODERATE,diwali_d1_7
7,diwali,Diwali,1,1,0.25,0.0,0.43,0.6867724763972447,MODERATE,diwali_d1_7
7,diwali,Diwali,1,2,0.25,0.0,0.43,0.7680483772933244,MODERATE,diwali_d1_7
7,diwali,Diwali,1,3,0.25,0.0,0.43,0.7433332797923953,MODERATE,diwali_d1_7
7,diwali,Diwali,1,4,0.25,0.0,0.43,0.4054097998225219,MODERATE,diwali_d1_7
7,diwali,Diwali,1,5,0.25,0.0,0.43,0.3396288836006318,MODERATE,diwali_d1_7
7,diwali,Diwali,1,6,0.25,0.0,0.43,0.8533596859652781,MODERATE,diwali_d1_7
7,diwali,Diwali,1,7,0.25,0.0,0.43,0.8923858916072864,MODERATE,diwali_d1_7
7,diwali,Diwali,1,8,0.25,0.0,0.43,0.3773196356418322,MODERATE,diwali_d1_7
7,diwali,Diwali,1,9,0.25,0.0,0.43,0.33377240151373766,MODERATE,diwali_d1_7
7,diwali,Diwali,1,10,0.25,0.0,0.43,0.7465890968848974,MODERATE,diwali_d1_7
7,diwali,Diwali,1,11,0.25,0.0,0.43,0.43234728046694115,MODERATE,diwali_d1_7
7,diwali,Diwali,1,12,0.25,0.0,0.43,0.4576134220202711,MODERATE,diwali_d1_7
7,diwali,Diwali,1,13,0.25,0.0,0.43,0.7203153938637348,MODERATE,diwali_d1_7
7,diwali,Diwali,1,14,0.25,0.0,0.43,0.4706513377824845,MODERATE,diwali_d1_7
7,diwali,Diwali,1,15,0.25,0.0,0.43,0.5473422585759158,MODERATE,diwali_d1_7
7,diwali,Diwali,1,16,0.25,0.0,0.43,0.8470173266388745,MODERATE,diwali_d1_7
7,diwali,Diwali,1,17,0.25,1.0,0.43,0.7608036611812417,HIGH,diwali_d1_7
7,diwali,Diwali,1,18,0.25,1.0,0.43,0.2552489042388275,HIGH,diwali_d1_7
7,diwali,Diwali,1,19,0.25,1.0,0.43,0.7756388956779205,HIGH,diwali_d1_7
7,diwali,Diwali,1,20,0.25,1.0,0.43,0.4248479997502158,HIGH,diwali_d1_7
7,diwali,Diwali,1,21,0.25,1.0,0.43,0.6626434550206957,HIGH,diwali_d1_7
7,diwali,Diwali,1,22,0.25,1.0,0.43,0.6218351394114199,HIGH,diwali_d1_7
7,diwali,Diwali,1,23,0.25,0.0,0.43,0.6828353659118404,MODERATE,diwali_d1_7
8,diwali,Diwali,1,0,0.25,0.0,0.47,0.22964861399509068,MODERATE,diwali_d1_8
8,diwali,Diwali,1,1,0.25,0.0,0.47,0.4467915172159376,MODERATE,diwali_d1_8
8,diwali,Diwali,1,2,0.25,0.0,0.47,0.39218875205240034,MODERATE,diwali_d1_8
8,diwali,Diwali,1,3,0.25,0.0,0.47,0.8635330650221604,MODERATE,diwali_d1_8
8,diwali,Diwali,1,4,0.25,0.0,0.47,0.6462587765183088,MODERATE,diwali_d1_8
8,diwali,Diwali,1,5,0.25,0.0,0.47,0.760767182893519,MODERATE,diwali_d1_8
8,diwali,Diwali,1,6,0.25,0.0,0.47,0.8669525773957254,MODERATE,diwali_d1_8
8,diwali,Diwali,1,7,0.25,0.0,0.47,0.6253010323245987,MODERATE,diwali_d1_8
8,diwali,Diwali,1,8,0.25,0.0,0.47,0.22435927605897943,MODERATE,diwali_d1_8
8,diwali,Diwali,1,9,0.25,0.0,0.47,0.7449607614548057,MODERATE,diwali_d1_8
8,diwali,Diwali,1,10,0.25,0.0,0.47,0.46799808118214437,MODERATE,diwali_d1_8
8,diwali,Diwali,1,11,0.25,0.0,0.47,0.6235663801983498,MODERATE,diwali_d1_8
8,diwali,Diwali,1,12,0.25,0.0,0.47,0.8641764704858894,MODERATE,diwali_d1_8
8,diwali,Diwali,1,13,0.25,0.0,0.47,0.7341591302590056,MODERATE,diwali_d1_8
8,diwali,Diwali,1,14,0.25,0.0,0.47,0.5706219170754028,MODERATE,diwali_d1_8
8,diwali,Diwali,1,15,0.25,0.0,0.47,0.654692515694222,MODERATE,diwali_d1_8
8,diwali,Diwali,1,16,0.25,0.0,0.47,0.2794140288095126,MODERATE,diwali_d1_8
8,diwali,Diwali,1,17,0.25,1.0,0.47,0.5493307721795267,HIGH,diwali_d1_8
8,diwali,Diwali,1,18,0.25,1.0,0.47,0.5931708975317529,HIGH,diwali_d1_8
8,diwali,Diwali,1,19,0.25,1.0,0.47,0.38220283979793235,HIGH,diwali_d1_8
8,diwali,Diwali,1,20,0.25,1.0,0.47,0.8974555785083325,HIGH,diwali_d1_8
8,diwali,Diwali,1,21,0.25,1.0,0.47,0.841535236679317,HIGH,diwali_d1_8
8,diwali,Diwali,1,22,0.25,1.0,0.47,0.2858461953327796,HIGH,diwali_d1_8
8,diwali,Diwali,1,23,0.25,0.0,0.47,0.5164298796717781,MODERATE,diwali_d1_8
1,diwali,Diwali,2,0,0.33,0.0,0.38999999999999996,0.5115778349197185,MODERATE,diwali_d2_1
1,diwali,Diwali,2,1,0.33,0.0,0.38999999999999996,0.6773504821754459,MODERATE,diwali_d2_1
1,diwali,Diwali,2,2,0.33,0.0,0.38999999999999996,0.4237114404699791,MODERATE,diwali_d2_1
1,diwali,Diwali,2,3,0.33,0.0,0.38999999999999996,0.2454573548212498,MODERATE,diwali_d2_1
1,diwali,Diwali,2,4,0.33,0.0,0.38999999999999996,0.8239321776477222,MODERATE,diwali_d2_1
1,diwali,Diwali,2,5,0.33,0.0,0.38999999999999996,0.6982663728050489,MODERATE,diwali_d2_1
1,diwali,Diwali,2,6,0.33,0.0,0.38999999999999996,0.6463900157948114,MODERATE,diwali_d2_1
1,diwali,Diwali,2,7,0.33,0.0,0.38999999999999996,0.5561290216220105,MODERATE,diwali_d2_1
1,diwali,Diwali,2,8,0.33,0.0,0.38999999999999996,0.34068625982438006,MODERATE,diwali_d2_1
1,diwali,Diwali,2,9,0.33,0.0,0.38999999999999996,0.7532611425654243,MODERATE,diwali_d2_1
1,diwali,Diwali,2,10,0.33,0.0,0.38999999999999996,0.5878150060817166,MODERATE,diwali_d2_1
1,diwali,Diwali,2,11,0.33,0.0,0.38999999999999996,0.7625632084020104,MODERATE,diwali_d2_1
1,diwali,Diwali,2,12,0.33,0.0,0.38999999999999996,0.6283638538343645,MODERATE,diwali_d2_1
1,diwali,Diwali,2,13,0.33,0.0,0.38999999999999996,0.4165035022699235,MODERATE,diwali_d2_1
1,diwali,Diwali,2,14,0.33,0.0,0.38999999999999996,0.7032087619235037,MODERATE,diwali_d2_1
1,diwali,Diwali,2,15,0.33,0.0,0.38999999999999996,0.7384151852622887,MODERATE,diwali_d2_1
1,diwali,Diwali,2,16,0.33,0.0,0.38999999999999996,0.25162549903786735,MODERATE,diwali_d2_1
1,diwali,Diwali,2,17,0.33,1.0,0.38999999999999996,0.6496370125704669,HIGH,diwali_d2_1
1,diwali,Diwali,2,18,0.33,1.0,0.38999999999999996,0.6760762934547067,HIGH,diwali_d2_1
1,diwali,Diwali,2,19,0.33,1.0,0.38999999999999996,0.8145721061552882,HIGH,diwali_d2_1
1,diwali,Diwali,2,20,0.33,1.0,0.38999999999999996,0.6478557505566641,HIGH,diwali_d2_1
1,diwali,Diwali,2,21,0.33,1.0,0.38999999999999996,0.8763852297538748,HIGH,diwali_d2_1
1,diwali,Diwali,2,22,0.33,1.0,0.38999999999999996,0.8374985896628211,HIGH,diwali_d2_1
1,diwali,Diwali,2,23,0.33,0.0,0.38999999999999996,0.28691278444730856,MODERATE,diwali_d2_1
2,diwali,Diwali,2,0,0.33,0.0,0.43,0.31525995592308687,MODERATE,diwali_d2_2
2,diwali,Diwali,2,1,0.33,0.0,0.43,0.6965324927704721,MODERATE,diwali_d2_2
2,diwali,Diwali,2,2,0.33,0.0,0.43,0.8586328384520743,MODERATE,diwali_d2_2
2,diwali,Diwali,2,3,0.33,0.0,0.43,0.7921535943091058,HIGH,diwali_d2_2
2,diwali,Diwali,2,4,0.33,0.0,0.43,0.6445399639714221,MODERATE,diwali_d2_2
2,diwali,Diwali,2,5,0.33,0.0,0.43,0.2876192065888319,MODERATE,diwali_d2_2
2,diwali,Diwali,2,6,0.33,0.0,0.43,0.5734346208378664,MODERATE,diwali_d2_2
2,diwali,Diwali,2,7,0.33,0.0,0.43,0.3180451312233948,MODERATE,diwali_d2_2
2,diwali,Diwali,2,8,0.33,0.0,0.43,0.30793598681569423,HIGH,diwali_d2_2
2,diwali,Diwali,2,9,0.33,0.0,0.43,0.704442937906091,MODERATE,diwali_d2_2
2,diwali,Diwali,2,10,0.33,0.0,0.43,0.7897710028793723,MODERATE,diwali_d2_2
2,diwali,Diwali,2,11,0.33,0.0,0.43,0.7776653871286423,MODERATE,diwali_d2_2
2,diwali,Diwali,2,12,0.33,0.0,0.43,0.2318232623039394,MODERATE,diwali_d2_2
2,diwali,Diwali,2,13,0.33,0.0,0.43,0.6037398620341654,MODERATE,diwali_d2_2
2,diwali,Diwali,2,14,0.33,0.0,0.43,0.7368713006414178,MODERATE,diwali_d2_2
2,diwali,Diwali,2,15,0.33,0.0,0.43,0.6472938345462094,MODERATE,diwali_d2_2
2,diwali,Diwali,2,16,0.33,0.0,0.43,0.639014807208659,MODERATE,diwali_d2_2
2,diwali,Diwali,2,17,0.33,1.0,0.43,0.8696551189680835,HIGH,diwali_d2_2
2,diwali,Diwali,2,18,0.33,1.0,0.43,0.763281707951013,HIGH,diwali_d2_2
2,diwali,Diwali,2,19,0.33,1.0,0.43,0.4082037100008196,HIGH,diwali_d2_2
2,diwali,Diwali,2,20,0.33,1.0,0.43,0.2419391230542683,HIGH,diwali_d2_2
2,diwali,Diwali,2,21,0.33,1.0,0.43,0.5389757910751514,HIGH,diwali_d2_2
2,diwali,Diwali,2,22,0.33,1.0,0.43,0.6246621839744455,HIGH,diwali_d2_2
2,diwali,Diwali,2,23,0.33,0.0,0.43,0.7028540195787063,MODERATE,diwali_d2_2
3,diwali,Diwali,2,0,0.33,0.0,0.47,0.8025441560280278,HIGH,diwali_d2_3
3,diwali,Diwali,2,1,0.33,0.0,0.47,0.2915363060866705,HIGH,diwali_d2_3
3,diwali,Diwali,2,2,0.33,0.0,0.47,0.5931558510238584,MODERATE,diwali_d2_3
3,diwali,Diwali,2,3,0.33,0.0,0.47,0.5265307969284455,MODERATE,diwali_d2_3
3,diwali,Diwali,2,4,0.33,0.0,0.47,0.3735432177678819,MODERATE,diwali_d2_3
3,diwali,Diwali,2,5,0.33,0.0,0.47,0.40314840347893105,MODERATE,diwali_d2_3
3,diwali,Diwali,2,6,0.33,0.0,0.47,0.6307642109147781,MODERATE,diwali_d2_3
3,diwali,Diwali,2,7,0.33,0.0,0.47,0.8057152512045023,MODERATE,diwali_d2_3
3,diwali,Diwali,2,8,0.33,0.0,0.47,0.42920507456083645,MODERATE,diwali_d2_3
3,diwali,Diwali,2,9,0.33,0.0,0.47,0.4189004446035911,MODERATE,diwali_d2_3
3,diwali,Diwali,2,10,0.33,0.0,0.47,0.5487858794419361,HIGH,diwali_d2_3
3,diwali,Diwali,2,11,0.33,0.0,0.47,0.5491317958783579,MODERATE,diwali_d2_3
3,diwali,Diwali,2,12,0.33,0.0,0.47,0.21622340875144574,MODERATE,diwali_d2_3
3,diwali,Diwali,2,13,0.33,0.0,0.47,0.5538111241166401,HIGH,diwali_d2_3
3,diwali,Diwali,2,14,0.33,0.0,0.47,0.3506010957683688,HIGH,diwali_d2_3
3,diwali,Diwali,2,15,0.33,0.0,0.47,0.23537828323952434,MODERATE,diwali_d2_3
3,diwali,Diwali,2,16,0.33,0.0,0.47,0.8176376334577407,MODERATE,diwali_d2_3
3,diwali,Diwali,2,17,0.33,1.0,0.47,0.529410797357737,HIGH,diwali_d2_3
3,diwali,Diwali,2,18,0.33,1.0,0.47,0.7930206557754276,HIGH,diwali_d2_3
3,diwali,Diwali,2,19,0.33,1.0,0.47,0.8177190116430151,HIGH,diwali_d2_3
3,diwali,Diwali,2,20,0.33,1.0,0.47,0.7346997349133926,HIGH,diwali_d2_3
3,diwali,Diwali,2,21,0.33,1.0,0.47,0.4804071347103296,HIGH,diwali_d2_3
3,diwali,Diwali,2,22,0.33,1.0,0.47,0.33625871132140334,HIGH,diwali_d2_3
3,diwali,Diwali,2,23,0.33,0.0,0.47,0.25147222481998927,MODERATE,diwali_d2_3
4,diwali,Diwali,2,0,0.33,0.0,0.51,0.7350828802950677,HIGH,diwali_d2_4
4,diwali,Diwali,2,1,0.33,0.0,0.51,0.8923634904345057,MODERATE,diwali_d2_4
4,diwali,Diwali,2,2,0.33,0.0,0.51,0.2831677138065127,HIGH,diwali_d2_4
4,diwali,Diwali,2,3,0.33,0.0,0.51,0.475732598910025,HIGH,diwali_d2_4
4,diwali,Diwali,2,4,0.33,0.0,0.51,0.43735970996679574,HIGH,diwali_d2_4
4,diwali,Diwali,2,5,0.33,0.0,0.51,0.7284756206049556,HIGH,diwali_d2_4
4,diwali,Diwali,2,6,0.33,0.0,0.51,0.5563857613576275,MODERATE,diwali_d2_4
4,diwali,Diwali,2,7,0.33,0.0,0.51,0.23171234672695232,HIGH,diwali_d2_4
4,diwali,Diwali,2,8,0.33,0.0,0.51,0.43312849374693707,MODERATE,diwali_d2_4
4,diwali,Diwali,2,9,0.33,0.0,0.51,0.5198919914980118,HIGH,diwali_d2_4
4,diwali,Diwali,2,10,0.33,0.0,0.51,0.5608540125030778,HIGH,diwali_d2_4
4,diwali,Diwali,2,11,0.33,0.0,0.51,0.6291476847452746,MODERATE,diwali_d2_4
4,diwali,Diwali,2,12,0.33,0.0,0.51,0.8934310162927981,MODERATE,diwali_d2_4
4,diwali,Diwali,2,13,0.33,0.0,0.51,0.4094640397698228,HIGH,diwali_d2_4
4,diwali,Diwali,2,14,0.33,0.0,0.51,0.7798025701701632,MODERATE,diwali_d2_4
4,diwali,Diwali,2,15,0.33,0.0,0.51,0.6961178645048065,HIGH,diwali_d2_4
4,diwali,Diwali,2,16,0.33,0.0,0.51,0.771024183270677,MODERATE,diwali_d2_4
4,diwali,Diwali,2,17,0.33,1.0,0.51,0.6716644747311116,HIGH,diwali_d2_4
4,diwali,Diwali,2,18,0.33,1.0,0.51,0.6085914992941504,HIGH,diwali_d2_4
4,diwali,Diwali,2,19,0.33,1.0,0.51,0.7077269487862987,HIGH,diwali_d2_4
4,diwali,Diwali,2,20,0.33,1.0,0.51,0.21865300847468325,HIGH,diwali_d2_4
4,diwali,Diwali,2,21,0.33,1.0,0.51,0.8769494873204355,HIGH,diwali_d2_4
4,diwali,Diwali,2,22,0.33,1.0,0.51,0.7433134176204506,HIGH,diwali_d2_4
4,diwali,Diwali,2,23,0.33,0.0,0.51,0.7049800786074147,HIGH,diwali_d2_4
5,diwali,Diwali,2,0,0.33,0.0,0.35,0.31935844322266155,MODERATE,diwali_d2_5
5,diwali,Diwali,2,1,0.33,0.0,0.35,0.6338150638507626,MODERATE,diwali_d2_5
5,diwali,Diwali,2,2,0.33,0.0,0.35,0.30344299581023226,MODERATE,diwali_d2_5
5,diwali,Diwali,2,3,0.33,0.0,0.35,0.22209935933946956,MODERATE,diwali_d2_5
5,diwali,Diwali,2,4,0.33,0.0,0.35,0.2769268649335878,MODERATE,diwali_d2_5
5,diwali,Diwali,2,5,0.33,0.0,0.35,0.41958473841209865,MODERATE,diwali_d2_5
5,diwali,Diwali,2,6,0.33,0.0,0.35,0.6833501826429678,MODERATE,diwali_d2_5
5,diwali,Diwali,2,7,0.33,0.0,0.35,0.7424806112649636,MODERATE,diwali_d2_5
5,diwali,Diwali,2,8,0.33,0.0,0.35,0.8109723962386242,MODERATE,diwali_d2_5
5,diwali,Diwali,2,9,0.33,0.0,0.35,0.24359690021010239,MODERATE,diwali_d2_5
5,diwali,Diwali,2,10,0.33,0.0,0.35,0.3451391934798713,MODERATE,diwali_d2_5
5,diwali,Diwali,2,11,0.33,0.0,0.35,0.6635587598000443,MODERATE,diwali_d2_5
5,diwali,Diwali,2,12,0.33,0.0,0.35,0.419626819116472,MODERATE,diwali_d2_5
5,diwali,Diwali,2,13,0.33,0.0,0.35,0.8384869126468073,MODERATE,diwali_d2_5
5,diwali,Diwali,2,14,0.33,0.0,0.35,0.44800089205136895,MODERATE,diwali_d2_5
5,diwali,Diwali,2,15,0.33,0.0,0.35,0.7046471929291049,MODERATE,diwali_d2_5
5,diwali,Diwali,2,16,0.33,0.0,0.35,0.6853193170208747,MODERATE,diwali_d2_5
5,diwali,Diwali,2,17,0.33,1.0,0.35,0.33458491839569937,HIGH,diwali_d2_5
5,diwali,Diwali,2,18,0.33,1.0,0.35,0.5906606555651829,HIGH,diwali_d2_5
5,diwali,Diwali,2,19,0.33,1.0,0.35,0.8810374393133982,HIGH,diwali_d2_5
5,diwali,Diwali,2,20,0.33,1.0,0.35,0.40230289618246745,HIGH,diwali_d2_5
5,diwali,Diwali,2,21,0.33,1.0,0.35,0.6934917818181376,HIGH,diwali_d2_5
5,diwali,Diwali,2,22,0.33,1.0,0.35,0.4441622219409146,HIGH,diwali_d2_5
5,diwali,Diwali,2,23,0.33,0.0,0.35,0.7567837492016334,MODERATE,diwali_d2_5
6,diwali,Diwali,2,0,0.33,0.0,0.38999999999999996,0.28531187401290053,MODERATE,diwali_d2_6
6,diwali,Diwali,2,1,0.33,0.0,0.38999999999999996,0.46578592976206773,MODERATE,diwali_d2_6
6,diwali,Diwali,2,2,0.33,0.0,0.38999999999999996,0.7728642220913937,MODERATE,diwali_d2_6
6,diwali,Diwali,2,3,0.33,0.0,0.38999999999999996,0.7632310837695993,MODERATE,diwali_d2_6
6,diwali,Diwali,2,4,0.33,0.0,0.38999999999999996,0.40134123912989794,MODERATE,diwali_d2_6
6,diwali,Diwali,2,5,0.33,0.0,0.38999999999999996,0.44245445986693155,MODERATE,diwali_d2_6
6,diwali,Diwali,2,6,0.33,0.0,0.38999999999999996,0.37951078283143747,MODERATE,diwali_d2_6
6,diwali,Diwali,2,7,0.33,0.0,0.38999999999999996,0.34144760504041755,MODERATE,diwali_d2_6
6,diwali,Diwali,2,8,0.33,0.0,0.38999999999999996,0.8531167536483153,MODERATE,diwali_d2_6
6,diwali,Diwali,2,9,0.33,0.0,0.38999999999999996,0.2960910683606461,MODERATE,diwali_d2_6
6,diwali,Diwali,2,10,0.33,0.0,0.38999999999999996,0.6107813489995706,MODERATE,diwali_d2_6
6,diwali,Diwali,2,11,0.33,0.0,0.38999999999999996,0.6688837754251727,MODERATE,diwali_d2_6
6,diwali,Diwali,2,12,0.33,0.0,0.38999999999999996,0.6465612013860463,MODERATE,diwali_d2_6
6,diwali,Diwali,2,13,0.33,0.0,0.38999999999999996,0.489310956233781,MODERATE,diwali_d2_6
6,diwali,Diwali,2,14,0.33,0.0,0.38999999999999996,0.27038143334414355,MODERATE,diwali_d2_6
6,diwali,Diwali,2,15,0.33,0.0,0.38999999999999996,0.20362701248499104,MODERATE,diwali_d2_6
6,diwali,Diwali,2,16,0.33,0.0,0.38999999999999996,0.8503697761189843,MODERATE,diwali_d2_6
6,diwali,Diwali,2,17,0.33,1.0,0.38999999999999996,0.8545224690173061,HIGH,diwali_d2_6
6,diwali,Diwali,2,18,0.33,1.0,0.38999999999999996,0.5342139643086274,HIGH,diwali_d2_6
6,diwali,Diwali,2,19,0.33,1.0,0.38999999999999996,0.8747398272236551,HIGH,diwali_d2_6
6,diwali,Diwali,2,20,0.33,1.0,0.38999999999999996,0.6521285425231889,HIGH,diwali_d2_6
6,diwali,Diwali,2,21,0.33,1.0,0.38999999999999996,0.26262250435806145,HIGH,diwali_d2_6
6,diwali,Diwali,2,22,0.33,1.0,0.38999999999999996,0.5746065938255233,HIGH,diwali_d2_6
6,diwali,Diwali,2,23,0.33,0.0,0.38999999999999996,0.8556685658254382,MODERATE,diwali_d2_6
7,diwali,Diwali,2,0,0.33,0.0,0.43,0.3225453428366742,HIGH,diwali_d2_7
7,diwali,Diwali,2,1,0.33,0.0,0.43,0.3230520952772038,HIGH,diwali_d2_7
7,diwali,Diwali,2,2,0.33,0.0,0.43,0.8980202621619569,HIGH,diwali_d2_7
7,diwali,Diwali,2,3,0.33,0.0,0.43,0.5467687281252305,MODERATE,diwali_d2_7
7,diwali,Diwali,2,4,0.33,0.0,0.43,0.8734919660583396,HIGH,diwali_d2_7
7,diwali,Diwali,2,5,0.33,0.0,0.43,0.8137202175425464,HIGH,diwali_d2_7
7,diwali,Diwali,2,6,0.33,0.0,0.43,0.5975733080651467,MODERATE,diwali_d2_7
7,diwali,Diwali,2,7,0.33,0.0,0.43,0.8880957218597045,MODERATE,diwali_d2_7
7,diwali,Diwali,2,8,0.33,0.0,0.43,0.8923696290621064,MODERATE,diwali_d2_7
7,diwali,Diwali,2,9,0.33,0.0,0.43,0.5457386942392735,MODERATE,diwali_d2_7
7,diwali,Diwali,2,10,0.33,0.0,0.43,0.7957418170045976,HIGH,diwali_d2_7
7,diwali,Diwali,2,11,0.33,0.0,0.43,0.33496797879166684,MODERATE,diwali_d2_7
7,diwali,Diwali,2,12,0.33,0.0,0.43,0.31374598377781704,MODERATE,diwali_d2_7
7,diwali,Diwali,2,13,0.33,0.0,0.43,0.3800854161606634,MODERATE,diwali_d2_7
7,diwali,Diwali,2,14,0.33,0.0,0.43,0.7156325268445798,MODERATE,diwali_d2_7
7,diwali,Diwali,2,15,0.33,0.0,0.43,0.5974468556946575,MODERATE,diwali_d2_7
7,diwali,Diwali,2,16,0.33,0.0,0.43,0.3228464396869253,MODERATE,diwali_d2_7
7,diwali,Diwali,2,17,0.33,1.0,0.43,0.8279299332487826,HIGH,diwali_d2_7
7,diwali,Diwali,2,18,0.33,1.0,0.43,0.5606964612718571,HIGH,diwali_d2_7
7,diwali,Diwali,2,19,0.33,1.0,0.43,0.6684790973869679,HIGH,diwali_d2_7
7,diwali,Diwali,2,20,0.33,1.0,0.43,0.2984283129440089,HIGH,diwali_d2_7
7,diwali,Diwali,2,21,0.33,1.0,0.43,0.3736329585670015,HIGH,diwali_d2_7
7,diwali,Diwali,2,22,0.33,1.0,0.43,0.3648648769610737,HIGH,diwali_d2_7
7,diwali,Diwali,2,23,0.33,0.0,0.43,0.8678243758584387,MODERATE,diwali_d2_7
8,diwali,Diwali,2,0,0.33,0.0,0.47,0.7060177698806982,MODERATE,diwali_d2_8
8,diwali,Diwali,2,1,0.33,0.0,0.47,0.6575783569491391,MODERATE,diwali_d2_8
8,diwali,Diwali,2,2,0.33,0.0,0.47,0.2434870322603753,HIGH,diwali_d2_8
8,diwali,Diwali,2,3,0.33,0.0,0.47,0.4147644394025338,MODERATE,diwali_d2_8
8,diwali,Diwali,2,4,0.33,0.0,0.47,0.5517643298668727,MODERATE,diwali_d2_8
8,diwali,Diwali,2,5,0.33,0.0,0.47,0.6924899245715792,HIGH,diwali_d2_8
8,diwali,Diwali,2,6,0.33,0.0,0.47,0.28219102209134345,MODERATE,diwali_d2_8
8,diwali,Diwali,2,7,0.33,0.0,0.47,0.40652632010937273,HIGH,diwali_d2_8
8,diwali,Diwali,2,8,0.33,0.0,0.47,0.35339002065474073,MODERATE,diwali_d2_8
8,diwali,Diwali,2,9,0.33,0.0,0.47,0.30722989528242545,MODERATE,diwali_d2_8
8,diwali,Diwali,2,10,0.33,0.0,0.47,0.6240172636623486,HIGH,diwali_d2_8
8,diwali,Diwali,2,11,0.33,0.0,0.47,0.5844641561728554,MODERATE,diwali_d2_8
8,diwali,Diwali,2,12,0.33,0.0,0.47,0.5762623813852406,MODERATE,diwali_d2_8
8,diwali,Diwali,2,13,0.33,0.0,0.47,0.3528881358601281,HIGH,diwali_d2_8
8,diwali,Diwali,2,14,0.33,0.0,0.47,0.7283176848074058,MODERATE,diwali_d2_8
8,diwali,Diwali,2,15,0.33,0.0,0.47,0.2573092145312924,HIGH,diwali_d2_8
8,diwali,Diwali,2,16,0.33,0.0,0.47,0.6926362876091108,MODERATE,diwali_d2_8
8,diwali,Diwali,2,17,0.33,1.0,0.47,0.5949181055914323,HIGH,diwali_d2_8
8,diwali,Diwali,2,18,0.33,1.0,0.47,0.583354474097652,HIGH,diwali_d2_8
8,diwali,Diwali,2,19,0.33,1.0,0.47,0.6008911719595053,HIGH,diwali_d2_8
8,diwali,Diwali,2,20,0.33,1.0,0.47,0.4296823464195445,HIGH,diwali_d2_8
8,diwali,Diwali,2,21,0.33,1.0,0.47,0.28136801552926494,HIGH,diwali_d2_8
8,diwali,Diwali,2,22,0.33,1.0,0.47,0.6082033749087123,HIGH,diwali_d2_8
8,diwali,Diwali,2,23,0.33,0.0,0.47,0.5572627478229841,MODERATE,diwali_d2_8
1,republic_day,Republic Day,1,0,0.12,0.0,0.38999999999999996,0.5174026101258473,MODERATE,republic_day_d1_1
1,republic_day,Republic Day,1,1,0.12,0.0,0.38999999999999996,0.5197589329983132,LOW,republic_day_d1_1
1,republic_day,Republic Day,1,2,0.12,0.0,0.38999999999999996,0.5236648140172466,LOW,republic_day_d1_1
1,republic_day,Republic Day,1,3,0.12,0.0,0.38999999999999996,0.7062960558775015,MODERATE,republic_day_d1_1
1,republic_day,Republic Day,1,4,0.12,0.0,0.38999999999999996,0.7715172581531913,LOW,republic_day_d1_1
1,republic_day,Republic Day,1,5,0.12,0.0,0.38999999999999996,0.6048178855413248,LOW,republic_day_d1_1
1,republic_day,Republic Day,1,6,0.12,0.0,0.38999999999999996,0.44117020659349415,LOW,republic_day_d1_1
1,republic_day,Republic Day,1,7,0.12,0.0,0.38999999999999996,0.8958865623338441,LOW,republic_day_d1_1
1,republic_day,Republic Day,1,8,0.12,0.0,0.38999999999999996,0.24831340231221966,MODERATE,republic_day_d1_1
1,republic_day,Republic Day,1,9,0.12,1.0,0.38999999999999996,0.22221440971615533,HIGH,republic_day_d1_1
1,republic_day,Republic Day,1,10,0.12,1.0,0.38999999999999996,0.7382804438084378,HIGH,republic_day_d1_1
1,republic_day,Republic Day,1,11,0.12,1.0,0.38999999999999996,0.8848332994468706,HIGH,republic_day_d1_1
1,republic_day,Republic Day,1,12,0.12,1.0,0.38999999999999996,0.4942533572176295,HIGH,republic_day_d1_1
1,republic_day,Republic Day,1,13,0.12,0.0,0.38999999999999996,0.4677357331959604,MODERATE,republic_day_d1_1
1,republic_day,Republic Day,1,14,0.12,0.0,0.38999999999999996,0.8347371180672007,MODERATE,republic_day_d1_1
1,republic_day,Republic Day,1,15,0.12,0.0,0.38999999999999996,0.6779112478710789,LOW,republic_day_d1_1
1,republic_day,Republic Day,1,16,0.12,0.0,0.38999999999999996,0.5775101847432021,LOW,republic_day_d1_1
1,republic_day,Republic Day,1,17,0.12,0.0,0.38999999999999996,0.4434389209974052,LOW,republic_day_d1_1
1,republic_day,Republic Day,1,18,0.12,0.0,0.38999999999999996,0.5760809404786009,LOW,republic_day_d1_1
1,republic_day,Republic Day,1,19,0.12,0.0,0.38999999999999996,0.7095006986342896,LOW,republic_day_d1_1
1,republic_day,Republic Day,1,20,0.12,0.0,0.38999999999999996,0.20243130646143545,LOW,republic_day_d1_1
1,republic_day,Republic Day,1,21,0.12,0.0,0.38999999999999996,0.4088540920920873,LOW,republic_day_d1_1
1,republic_day,Republic Day,1,22,0.12,0.0,0.38999999999999996,0.5811117373175145,LOW,republic_day_d1_1
1,republic_day,Republic Day,1,23,0.12,0.0,0.38999999999999996,0.7763523061630491,LOW,republic_day_d1_1
2,republic_day,Republic Day,1,0,0.12,0.0,0.43,0.4423118144913387,LOW,republic_day_d1_2
2,republic_day,Republic Day,1,1,0.12,0.0,0.43,0.8561872527945467,LOW,republic_day_d1_2
2,republic_day,Republic Day,1,2,0.12,0.0,0.43,0.2789912471365341,MODERATE,republic_day_d1_2
2,republic_day,Republic Day,1,3,0.12,0.0,0.43,0.49346841894422644,MODERATE,republic_day_d1_2
2,republic_day,Republic Day,1,4,0.12,0.0,0.43,0.8186296352917621,MODERATE,republic_day_d1_2
2,republic_day,Republic Day,1,5,0.12,0.0,0.43,0.3442571352951499,LOW,republic_day_d1_2
2,republic_day,Republic Day,1,6,0.12,0.0,0.43,0.22350339302799657,LOW,republic_day_d1_2
2,republic_day,Republic Day,1,7,0.12,0.0,0.43,0.69230038680545,MODERATE,republic_day_d1_2
2,republic_day,Republic Day,1,8,0.12,0.0,0.43,0.7183787549359031,LOW,republic_day_d1_2
2,republic_day,Republic Day,1,9,0.12,1.0,0.43,0.3640374949412931,HIGH,republic_day_d1_2
2,republic_day,Republic Day,1,10,0.12,1.0,0.43,0.8046111698690395,HIGH,republic_day_d1_2
2,republic_day,Republic Day,1,11,0.12,1.0,0.43,0.5527270942586542,HIGH,republic_day_d1_2
2,republic_day,Republic Day,1,12,0.12,1.0,0.43,0.7710503797343218,HIGH,republic_day_d1_2
2,republic_day,Republic Day,1,13,0.12,0.0,0.43,0.4232325874584344,MODERATE,republic_day_d1_2
2,republic_day,Republic Day,1,14,0.12,0.0,0.43,0.6707723310058396,MODERATE,republic_day_d1_2
2,republic_day,Republic Day,1,15,0.12,0.0,0.43,0.41123510460094226,LOW,republic_day_d1_2
2,republic_day,Republic Day,1,16,0.12,0.0,0.43,0.6621486966675202,LOW,republic_day_d1_2
2,republic_day,Republic Day,1,17,0.12,0.0,0.43,0.4103506676301937,LOW,republic_day_d1_2
2,republic_day,Republic Day,1,18,0.12,0.0,0.43,0.8639641785187049,LOW,republic_day_d1_2
2,republic_day,Republic Day,1,19,0.12,0.0,0.43,0.838104365934381,MODERATE,republic_day_d1_2
2,republic_day,Republic Day,1,20,0.12,0.0,0.43,0.49904040760618046,MODERATE,republic_day_d1_2
2,republic_day,Republic Day,1,21,0.12,0.0,0.43,0.8806031647405801,LOW,republic_day_d1_2
2,republic_day,Republic Day,1,22,0.12,0.0,0.43,0.6699397673220056,MODERATE,republic_day_d1_2
2,republic_day,Republic Day,1,23,0.12,0.0,0.43,0.4231141201214186,MODERATE,republic_day_d1_2
3,republic_day,Republic Day,1,0,0.12,0.0,0.47,0.3044523254776146,MODERATE,republic_day_d1_3
3,republic_day,Republic Day,1,1,0.12,0.0,0.47,0.7280912680666878,MODERATE,republic_day_d1_3
3,republic_day,Republic Day,1,2,0.12,0.0,0.47,0.7945386525820284,MODERATE,republic_day_d1_3
3,republic_day,Republic Day,1,3,0.12,0.0,0.47,0.6953037582415805,MODERATE,republic_day_d1_3
3,republic_day,Republic Day,1,4,0.12,0.0,0.47,0.8403188216711337,MODERATE,republic_day_d1_3
3,republic_day,Republic Day,1,5,0.12,0.0,0.47,0.8774503319826386,MODERATE,republic_day_d1_3
3,republic_day,Republic Day,1,6,0.12,0.0,0.47,0.29386492574135464,MODERATE,republic_day_d1_3
3,republic_day,Republic Day,1,7,0.12,0.0,0.47,0.3423357131420381,LOW,republic_day_d1_3
3,republic_day,Republic Day,1,8,0.12,0.0,0.47,0.8455582731578557,MODERATE,republic_day_d1_3
3,republic_day,Republic Day,1,9,0.12,1.0,0.47,0.26472479756880457,HIGH,republic_day_d1_3
3,republic_day,Republic Day,1,10,0.12,1.0,0.47,0.3333371329015168,HIGH,republic_day_d1_3
3,republic_day,Republic Day,1,11,0.12,1.0,0.47,0.6715703444442049,HIGH,republic_day_d1_3
3,republic_day,Republic Day,1,12,0.12,1.0,0.47,0.8115343209426777,HIGH,republic_day_d1_3
3,republic_day,Republic Day,1,13,0.12,0.0,0.47,0.7331874922760468,LOW,republic_day_d1_3
3,republic_day,Republic Day,1,14,0.12,0.0,0.47,0.5911953333907691,MODERATE,republic_day_d1_3
3,republic_day,Republic Day,1,15,0.12,0.0,0.47,0.8086316960671764,MODERATE,republic_day_d1_3
3,republic_day,Republic Day,1,16,0.12,0.0,0.47,0.8699138323686713,MODERATE,republic_day_d1_3
3,republic_day,Republic Day,1,17,0.12,0.0,0.47,0.8560118342415735,LOW,republic_day_d1_3
3,republic_day,Republic Day,1,18,0.12,0.0,0.47,0.28212133961033414,MODERATE,republic_day_d1_3
3,republic_day,Republic Day,1,19,0.12,0.0,0.47,0.535244613439656,MODERATE,republic_day_d1_3
3,republic_day,Republic Day,1,20,0.12,0.0,0.47,0.6230810738551469,LOW,republic_day_d1_3
3,republic_day,Republic Day,1,21,0.12,0.0,0.47,0.8405885217154894,LOW,republic_day_d1_3
3,republic_day,Republic Day,1,22,0.12,0.0,0.47,0.7428597174446392,MODERATE,republic_day_d1_3
3,republic_day,Republic Day,1,23,0.12,0.0,0.47,0.5735550891913841,MODERATE,republic_day_d1_3
4,republic_day,Republic Day,1,0,0.12,0.0,0.51,0.38309313916974685,MODERATE,republic_day_d1_4
4,republic_day,Republic Day,1,1,0.12,0.0,0.51,0.5480941051706884,MODERATE,republic_day_d1_4
4,republic_day,Republic Day,1,2,0.12,0.0,0.51,0.8869229197926036,MODERATE,republic_day_d1_4
4,republic_day,Republic Day,1,3,0.12,0.0,0.51,0.7878118270945793,MODERATE,republic_day_d1_4
4,republic_day,Republic Day,1,4,0.12,0.0,0.51,0.4594934450018809,MODERATE,republic_day_d1_4
4,republic_day,Republic Day,1,5,0.12,0.0,0.51,0.593767309225048,MODERATE,republic_day_d1_4
4,republic_day,Republic Day,1,6,0.12,0.0,0.51,0.302145899171784,MODERATE,republic_day_d1_4
4,republic_day,Republic Day,1,7,0.12,0.0,0.51,0.8543307752074474,MODERATE,republic_day_d1_4
4,republic_day,Republic Day,1,8,0.12,0.0,0.51,0.4923046514886215,MODERATE,republic_day_d1_4
4,republic_day,Republic Day,1,9,0.12,1.0,0.51,0.4309057001845019,HIGH,republic_day_d1_4
4,republic_day,Republic Day,1,10,0.12,1.0,0.51,0.7833539007008896,HIGH,republic_day_d1_4
4,republic_day,Republic Day,1,11,0.12,1.0,0.51,0.6582255762847153,HIGH,republic_day_d1_4
4,republic_day,Republic Day,1,12,0.12,1.0,0.51,0.38012873034441796,HIGH,republic_day_d1_4
4,republic_day,Republic Day,1,13,0.12,0.0,0.51,0.8765557870752405,MODERATE,republic_day_d1_4
4,republic_day,Republic Day,1,14,0.12,0.0,0.51,0.5434169078065476,MODERATE,republic_day_d1_4
4,republic_day,Republic Day,1,15,0.12,0.0,0.51,0.756482860047544,MODERATE,republic_day_d1_4
4,republic_day,Republic Day,1,16,0.12,0.0,0.51,0.7042194715334655,MODERATE,republic_day_d1_4
4,republic_day,Republic Day,1,17,0.12,0.0,0.51,0.8418295727860567,MODERATE,republic_day_d1_4
4,republic_day,Republic Day,1,18,0.12,0.0,0.51,0.6492666242276566,MODERATE,republic_day_d1_4
4,republic_day,Republic Day,1,19,0.12,0.0,0.51,0.2236766300152834,MODERATE,republic_day_d1_4
4,republic_day,Republic Day,1,20,0.12,0.0,0.51,0.8616316778406288,MODERATE,republic_day_d1_4
4,republic_day,Republic Day,1,21,0.12,0.0,0.51,0.7350371905004134,MODERATE,republic_day_d1_4
4,republic_day,Republic Day,1,22,0.12,0.0,0.51,0.789781301777744,MODERATE,republic_day_d1_4
4,republic_day,Republic Day,1,23,0.12,0.0,0.51,0.6950186945924219,MODERATE,republic_day_d1_4
5,republic_day,Republic Day,1,0,0.12,0.0,0.35,0.5540130437851456,LOW,republic_day_d1_5
5,republic_day,Republic Day,1,1,0.12,0.0,0.35,0.6324846651137621,LOW,republic_day_d1_5
5,republic_day,Republic Day,1,2,0.12,0.0,0.35,0.6315635527590365,LOW,republic_day_d1_5
5,republic_day,Republic Day,1,3,0.12,0.0,0.35,0.5414980688021498,LOW,republic_day_d1_5
5,republic_day,Republic Day,1,4,0.12,0.0,0.35,0.5861504926378798,LOW,republic_day_d1_5
5,republic_day,Republic Day,1,5,0.12,0.0,0.35,0.5705923527891554,LOW,republic_day_d1_5
5,republic_day,Republic Day,1,6,0.12,0.0,0.35,0.8842355437627583,LOW,republic_day_d1_5
5,republic_day,Republic Day,1,7,0.12,0.0,0.35,0.7692100546397369,LOW,republic_day_d1_5
5,republic_day,Republic Day,1,8,0.12,0.0,0.35,0.7643173892632003,LOW,republic_day_d1_5
5,republic_day,Republic Day,1,9,0.12,1.0,0.35,0.27491150008614507,HIGH,republic_day_d1_5
5,republic_day,Republic Day,1,10,0.12,1.0,0.35,0.3042282400181754,MODERATE,republic_day_d1_5
5,republic_day,Republic Day,1,11,0.12,1.0,0.35,0.5685191897801514,MODERATE,republic_day_d1_5
5,republic_day,Republic Day,1,12,0.12,1.0,0.35,0.38712731567364506,HIGH,republic_day_d1_5
5,republic_day,Republic Day,1,13,0.12,0.0,0.35,0.46113610842457753,LOW,republic_day_d1_5
5,republic_day,Republic Day,1,14,0.12,0.0,0.35,0.5955015277135783,LOW,republic_day_d1_5
5,republic_day,Republic Day,1,15,0.12,0.0,0.35,0.35810007683919554,LOW,republic_day_d1_5
5,republic_day,Republic Day,1,16,0.12,0.0,0.35,0.793506971422075,LOW,republic_day_d1_5
5,republic_day,Republic Day,1,17,0.12,0.0,0.35,0.8007534113148309,LOW,republic_day_d1_5
5,republic_day,Republic Day,1,18,0.12,0.0,0.35,0.2654503537989766,LOW,republic_day_d1_5
5,republic_day,Republic Day,1,19,0.12,0.0,0.35,0.5868910076707867,LOW,republic_day_d1_5
5,republic_day,Republic Day,1,20,0.12,0.0,0.35,0.20661512085789144,LOW,republic_day_d1_5
5,republic_day,Republic Day,1,21,0.12,0.0,0.35,0.5499008751789545,LOW,republic_day_d1_5
5,republic_day,Republic Day,1,22,0.12,0.0,0.35,0.7490634175530777,LOW,republic_day_d1_5
5,republic_day,Republic Day,1,23,0.12,0.0,0.35,0.8005722193545686,LOW,republic_day_d1_5
6,republic_day,Republic Day,1,0,0.12,0.0,0.38999999999999996,0.5697114299491536,LOW,republic_day_d1_6
6,republic_day,Republic Day,1,1,0.12,0.0,0.38999999999999996,0.347991939119183,LOW,republic_day_d1_6
6,republic_day,Republic Day,1,2,0.12,0.0,0.38999999999999996,0.8212880149241455,MODERATE,republic_day_d1_6
6,republic_day,Republic Day,1,3,0.12,0.0,0.38999999999999996,0.23259337951922032,LOW,republic_day_d1_6
6,republic_day,Republic Day,1,4,0.12,0.0,0.38999999999999996,0.8479093670566462,LOW,republic_day_d1_6
6,republic_day,Republic Day,1,5,0.12,0.0,0.38999999999999996,0.5944569048335885,MODERATE,republic_day_d1_6
6,republic_day,Republic Day,1,6,0.12,0.0,0.38999999999999996,0.8501364528782616,LOW,republic_day_d1_6
6,republic_day,Republic Day,1,7,0.12,0.0,0.38999999999999996,0.8730284329132041,LOW,republic_day_d1_6
6,republic_day,Republic Day,1,8,0.12,0.0,0.38999999999999996,0.7265781288928055,LOW,republic_day_d1_6
6,republic_day,Republic Day,1,9,0.12,1.0,0.38999999999999996,0.4788072142765854,HIGH,republic_day_d1_6
6,republic_day,Republic Day,1,10,0.12,1.0,0.38999999999999996,0.3137151755002941,MODERATE,republic_day_d1_6
6,republic_day,Republic Day,1,11,0.12,1.0,0.38999999999999996,0.7842553920642263,MODERATE,republic_day_d1_6
6,republic_day,Republic Day,1,12,0.12,1.0,0.38999999999999996,0.8275680369019038,HIGH,republic_day_d1_6
6,republic_day,Republic Day,1,13,0.12,0.0,0.38999999999999996,0.7289264851646247,LOW,republic_day_d1_6
6,republic_day,Republic Day,1,14,0.12,0.0,0.38999999999999996,0.8919345705398722,LOW,republic_day_d1_6
6,republic_day,Republic Day,1,15,0.12,0.0,0.38999999999999996,0.5505549961464076,LOW,republic_day_d1_6
6,republic_day,Republic Day,1,16,0.12,0.0,0.38999999999999996,0.23758750236317552,MODERATE,republic_day_d1_6
6,republic_day,Republic Day,1,17,0.12,0.0,0.38999999999999996,0.7870722603292224,LOW,republic_day_d1_6
6,republic_day,Republic Day,1,18,0.12,0.0,0.38999999999999996,0.7383039573558097,LOW,republic_day_d1_6
6,republic_day,Republic Day,1,19,0.12,0.0,0.38999999999999996,0.4776921345162716,MODERATE,republic_day_d1_6
6,republic_day,Republic Day,1,20,0.12,0.0,0.38999999999999996,0.2207379612616156,MODERATE,republic_day_d1_6
6,republic_day,Republic Day,1,21,0.12,0.0,0.38999999999999996,0.8948101149155581,LOW,republic_day_d1_6
6,republic_day,Republic Day,1,22,0.12,0.0,0.38999999999999996,0.44906783839409353,LOW,republic_day_d1_6
6,republic_day,Republic Day,1,23,0.12,0.0,0.38999999999999996,0.5022935623676813,MODERATE,republic_day_d1_6
7,republic_day,Republic Day,1,0,0.12,0.0,0.43,0.6624703352604129,MODERATE,republic_day_d1_7
7,republic_day,Republic Day,1,1,0.12,0.0,0.43,0.6330311231819215,LOW,republic_day_d1_7
7,republic_day,Republic Day,1,2,0.12,0.0,0.43,0.69917597287487,MODERATE,republic_day_d1_7
7,republic_day,Republic Day,1,3,0.12,0.0,0.43,0.3079546747058629,LOW,republic_day_d1_7
7,republic_day,Republic Day,1,4,0.12,0.0,0.43,0.6437306173741356,MODERATE,republic_day_d1_7
7,republic_day,Republic Day,1,5,0.12,0.0,0.43,0.4216747600770753,MODERATE,republic_day_d1_7
7,republic_day,Republic Day,1,6,0.12,0.0,0.43,0.2036366556590211,LOW,republic_day_d1_7
7,republic_day,Republic Day,1,7,0.12,0.0,0.43,0.45194224814282763,LOW,republic_day_d1_7
7,republic_day,Republic Day,1,8,0.12,0.0,0.43,0.29275490314593955,LOW,republic_day_d1_7
7,republic_day,Republic Day,1,9,0.12,1.0,0.43,0.514190573915016,HIGH,republic_day_d1_7
7,republic_day,Republic Day,1,10,0.12,1.0,0.43,0.48563092255819623,HIGH,republic_day_d1_7
7,republic_day,Republic Day,1,11,0.12,1.0,0.43,0.4477400011416812,HIGH,republic_day_d1_7
7,republic_day,Republic Day,1,12,0.12,1.0,0.43,0.618630658455991,HIGH,republic_day_d1_7
7,republic_day,Republic Day,1,13,0.12,0.0,0.43,0.46966654217718856,LOW,republic_day_d1_7
7,republic_day,Republic Day,1,14,0.12,0.0,0.43,0.4714596915648756,LOW,republic_day_d1_7
7,republic_day,Republic Day,1,15,0.12,0.0,0.43,0.8307952313995031,LOW,republic_day_d1_7
7,republic_day,Republic Day,1,16,0.12,0.0,0.43,0.884721144809721,MODERATE,republic_day_d1_7
7,republic_day,Republic Day,1,17,0.12,0.0,0.43,0.31870804637462785,MODERATE,republic_day_d1_7
7,republic_day,Republic Day,1,18,0.12,0.0,0.43,0.2971880412715917,LOW,republic_day_d1_7
7,republic_day,Republic Day,1,19,0.12,0.0,0.43,0.5451867595475492,LOW,republic_day_d1_7
7,republic_day,Republic Day,1,20,0.12,0.0,0.43,0.5042733884839214,LOW,republic_day_d1_7
7,republic_day,Republic Day,1,21,0.12,0.0,0.43,0.5389619197537499,LOW,republic_day_d1_7
7,republic_day,Republic Day,1,22,0.12,0.0,0.43,0.37618981645223204,LOW,republic_day_d1_7
7,republic_day,Republic Day,1,23,0.12,0.0,0.43,0.6375235814382263,LOW,republic_day_d1_7
8,republic_day,Republic Day,1,0,0.12,0.0,0.47,0.3368837574161823,MODERATE,republic_day_d1_8
8,republic_day,Republic Day,1,1,0.12,0.0,0.47,0.41326059702587986,LOW,republic_day_d1_8
8,republic_day,Republic Day,1,2,0.12,0.0,0.47,0.43255205071813885,MODERATE,republic_day_d1_8
8,republic_day,Republic Day,1,3,0.12,0.0,0.47,0.7628535233701677,MODERATE,republic_day_d1_8
8,republic_day,Republic Day,1,4,0.12,0.0,0.47,0.4343153566228699,MODERATE,republic_day_d1_8
8,republic_day,Republic Day,1,5,0.12,0.0,0.47,0.8016559269705845,MODERATE,republic_day_d1_8
8,republic_day,Republic Day,1,6,0.12,0.0,0.47,0.29528713010478536,MODERATE,republic_day_d1_8
8,republic_day,Republic Day,1,7,0.12,0.0,0.47,0.8630952454112812,MODERATE,republic_day_d1_8
8,republic_day,Republic Day,1,8,0.12,0.0,0.47,0.419928296836809,LOW,republic_day_d1_8
8,republic_day,Republic Day,1,9,0.12,1.0,0.47,0.8781076552226867,HIGH,republic_day_d1_8
8,republic_day,Republic Day,1,10,0.12,1.0,0.47,0.6864704373704771,HIGH,republic_day_d1_8
8,republic_day,Republic Day,1,11,0.12,1.0,0.47,0.6031154971374724,HIGH,republic_day_d1_8
8,republic_day,Republic Day,1,12,0.12,1.0,0.47,0.46323871162690294,HIGH,republic_day_d1_8
8,republic_day,Republic Day,1,13,0.12,0.0,0.47,0.4750545908176219,MODERATE,republic_day_d1_8
8,republic_day,Republic Day,1,14,0.12,0.0,0.47,0.5946953560401502,LOW,republic_day_d1_8
8,republic_day,Republic Day,1,15,0.12,0.0,0.47,0.5819403598155755,MODERATE,republic_day_d1_8
8,republic_day,Republic Day,1,16,0.12,0.0,0.47,0.585069409898231,MODERATE,republic_day_d1_8
8,republic_day,Republic Day,1,17,0.12,0.0,0.47,0.5231355559832039,MODERATE,republic_day_d1_8
8,republic_day,Republic Day,1,18,0.12,0.0,0.47,0.506918468016236,MODERATE,republic_day_d1_8
8,republic_day,Republic Day,1,19,0.12,0.0,0.47,0.6849846955270399,MODERATE,republic_day_d1_8
8,republic_day,Republic Day,1,20,0.12,0.0,0.47,0.7569597851971681,MODERATE,republic_day_d1_8
8,republic_day,Republic Day,1,21,0.12,0.0,0.47,0.5495122507022722,MODERATE,republic_day_d1_8
8,republic_day,Republic Day,1,22,0.12,0.0,0.47,0.36941481736955917,MODERATE,republic_day_d1_8
8,republic_day,Republic Day,1,23,0.12,0.0,0.47,0.7006654739095983,MODERATE,republic_day_d1_8
